ID,Source,Req. Timestamp,Method,URL,Code,Reason,RTT,Size Resp. Body,Highest Alert,Note,Tags
1,Proxy,Wed Sep 30 16:47:43 BOT 2026,POST,https://update.googleapis.com/service/update2/json?cup2key=16:j00W152O8ss2HMpasB0tDK3vrMEuEByp4WogOXVkSPw&cup2hreq=4cf49ad0f33312e0f27b7f459a55cb943c1992456576d5a2acb7eab5b6bc46fb,200,OK,359,2744,Low,false,JSON
5,Proxy,Wed Sep 30 16:47:46 BOT 2026,POST,https://update.googleapis.com/service/update2/json,200,OK,281,252,Low,false,JSON
6,Proxy,Wed Sep 30 16:47:44 BOT 2026,GET,https://mobiliario.app/,200,OK,1888,592990,Medium,false,"Form, Script, MailTo, SetCookie, Comment"
8,Proxy,Wed Sep 30 16:47:46 BOT 2026,GET,https://mobiliario.app/_next/static/media/5307092570128b5a-s.p.0dld-t76zw9ln.woff2?dpl=dpl_5deoVL83kAtokHhbhKQfokyh43JH,200,OK,487,105660,Medium,false,Comment
12,Proxy,Wed Sep 30 16:47:47 BOT 2026,GET,https://mobiliario.app/_next/static/media/7178b3e590c64307-s.p.0nx0ww8fni_q3.woff2?dpl=dpl_5deoVL83kAtokHhbhKQfokyh43JH,200,OK,397,16540,Medium,false,Comment
13,Proxy,Wed Sep 30 16:47:47 BOT 2026,GET,https://mobiliario.app/_next/static/chunks/0xj_7azl06mtk.css?dpl=dpl_5deoVL83kAtokHhbhKQfokyh43JH,200,OK,421,11604,Medium,false,
14,Proxy,Wed Sep 30 16:47:47 BOT 2026,GET,https://mobiliario.app/_next/static/media/651aaf1801011892-s.p.0_pfzm~5i7__8.woff2?dpl=dpl_5deoVL83kAtokHhbhKQfokyh43JH,200,OK,459,32672,,false,
16,Proxy,Wed Sep 30 16:47:47 BOT 2026,GET,https://mobiliario.app/_next/static/media/75affa71d1e2f6a7-s.p.0e5c5_wyqqx75.woff2?dpl=dpl_5deoVL83kAtokHhbhKQfokyh43JH,200,OK,438,34940,Medium,false,Comment
17,Proxy,Wed Sep 30 16:47:47 BOT 2026,GET,https://mobiliario.app/_next/static/media/9e9f04e3c37952ab-s.p.07uvnuj.ona6k.woff2?dpl=dpl_5deoVL83kAtokHhbhKQfokyh43JH,200,OK,140,12004,,false,
18,Proxy,Wed Sep 30 16:47:47 BOT 2026,GET,https://mobiliario.app/_next/static/chunks/0qogw-aldyl35.css?dpl=dpl_5deoVL83kAtokHhbhKQfokyh43JH,200,OK,513,162443,,false,
19,Proxy,Wed Sep 30 16:47:47 BOT 2026,GET,https://mobiliario.app/_next/static/media/daf789e4474d0d90-s.p.02gqgcrlsvm4~.woff2?dpl=dpl_5deoVL83kAtokHhbhKQfokyh43JH,200,OK,143,21296,,false,
20,Proxy,Wed Sep 30 16:47:47 BOT 2026,GET,https://mobiliario.app/_next/static/media/caa3a2e1cccd8315-s.p.09~u27dqhyhd6.woff2?dpl=dpl_5deoVL83kAtokHhbhKQfokyh43JH,200,OK,163,29288,,false,
22,Proxy,Wed Sep 30 16:47:47 BOT 2026,GET,https://mobiliario.app/_next/static/media/b67966e0b83b2cd0-s.p.04y9-s23ppywx.woff2?dpl=dpl_5deoVL83kAtokHhbhKQfokyh43JH,200,OK,255,120724,,false,
23,Proxy,Wed Sep 30 16:47:47 BOT 2026,GET,https://mobiliario.app/_next/static/chunks/0p9sz6y_ryf72.js?dpl=dpl_5deoVL83kAtokHhbhKQfokyh43JH,200,OK,152,6893,,false,
24,Proxy,Wed Sep 30 16:47:47 BOT 2026,GET,https://mobiliario.app/_next/static/chunks/12~i2-h84i9u-.js?dpl=dpl_5deoVL83kAtokHhbhKQfokyh43JH,200,OK,152,28131,,false,
25,Proxy,Wed Sep 30 16:47:47 BOT 2026,GET,https://mobiliario.app/_next/static/chunks/0uyoz4tpb1p88.js?dpl=dpl_5deoVL83kAtokHhbhKQfokyh43JH,200,OK,257,32362,,false,
26,Proxy,Wed Sep 30 16:47:47 BOT 2026,GET,https://mobiliario.app/_next/static/chunks/0pscck3-_.5u8.js?dpl=dpl_5deoVL83kAtokHhbhKQfokyh43JH,200,OK,197,44357,,false,
27,Proxy,Wed Sep 30 16:47:47 BOT 2026,GET,https://mobiliario.app/_next/static/chunks/0icsw_sc0d6yx.js?dpl=dpl_5deoVL83kAtokHhbhKQfokyh43JH,200,OK,199,2720,,false,
28,Proxy,Wed Sep 30 16:47:47 BOT 2026,GET,https://mobiliario.app/_next/static/chunks/turbopack-0lkz~yqwzhdqv.js?dpl=dpl_5deoVL83kAtokHhbhKQfokyh43JH,200,OK,211,11421,,false,
29,Proxy,Wed Sep 30 16:47:47 BOT 2026,GET,https://mobiliario.app/_next/static/chunks/0ppvb7h7t95cw.js?dpl=dpl_5deoVL83kAtokHhbhKQfokyh43JH,200,OK,342,110364,,false,
30,Proxy,Wed Sep 30 16:47:47 BOT 2026,GET,https://mobiliario.app/_next/static/chunks/09bzlf-u0by67.js?dpl=dpl_5deoVL83kAtokHhbhKQfokyh43JH,200,OK,363,226800,,false,
31,Proxy,Wed Sep 30 16:47:47 BOT 2026,GET,https://mobiliario.app/_next/static/chunks/0nprg_.s4luox.js?dpl=dpl_5deoVL83kAtokHhbhKQfokyh43JH,200,OK,125,3715,,false,
32,Proxy,Wed Sep 30 16:47:48 BOT 2026,GET,https://mobiliario.app/_next/static/chunks/0o2fkeykpb~_~.js?dpl=dpl_5deoVL83kAtokHhbhKQfokyh43JH,200,OK,194,55098,,false,
33,Proxy,Wed Sep 30 16:47:48 BOT 2026,GET,https://mobiliario.app/_next/static/chunks/0giqu3b3gisx-.js?dpl=dpl_5deoVL83kAtokHhbhKQfokyh43JH,200,OK,224,39403,,false,
34,Proxy,Wed Sep 30 16:47:48 BOT 2026,GET,https://mobiliario.app/_next/static/chunks/0e~g5lihwm.jm.js?dpl=dpl_5deoVL83kAtokHhbhKQfokyh43JH,200,OK,133,40062,,false,
35,Proxy,Wed Sep 30 16:47:48 BOT 2026,GET,https://mobiliario.app/_next/static/chunks/0yo6uxq8u0mt8.js?dpl=dpl_5deoVL83kAtokHhbhKQfokyh43JH,200,OK,137,18984,,false,
36,Proxy,Wed Sep 30 16:47:48 BOT 2026,GET,https://mobiliario.app/_next/static/chunks/0-q9qv.wll7l0.js?dpl=dpl_5deoVL83kAtokHhbhKQfokyh43JH,200,OK,136,39610,,false,
37,Proxy,Wed Sep 30 16:47:48 BOT 2026,GET,https://mobiliario.app/_next/static/chunks/0bgtry4viyrqp.js?dpl=dpl_5deoVL83kAtokHhbhKQfokyh43JH,200,OK,185,15523,,false,
38,Proxy,Wed Sep 30 16:47:48 BOT 2026,GET,https://mobiliario.app/_next/static/chunks/036ps75v.-3v~.js?dpl=dpl_5deoVL83kAtokHhbhKQfokyh43JH,200,OK,341,489809,,false,
39,Proxy,Wed Sep 30 16:47:48 BOT 2026,GET,https://mobiliario.app/_next/static/chunks/05.r09n6kw8ph.js?dpl=dpl_5deoVL83kAtokHhbhKQfokyh43JH,200,OK,333,106581,,false,
40,Proxy,Wed Sep 30 16:47:48 BOT 2026,GET,https://content-autofill.googleapis.com/v1/pages/ChRDaHJvbWUvMTU0LjAuODAzNy41OBIyCYRz6uoQZ3ZuEhENWaPe_SoKCAcYASACKAA4ByFudL6VD98ICyludL6VD98ICzICIAI=?alt=proto,200,OK,445,16,,false,
41,Proxy,Wed Sep 30 16:47:48 BOT 2026,GET,https://mobiliario.app/_next/static/chunks/0ltoaw~b-d-3i.js?dpl=dpl_5deoVL83kAtokHhbhKQfokyh43JH,200,OK,171,102319,,false,
42,Proxy,Wed Sep 30 16:47:48 BOT 2026,GET,https://mobiliario.app/_next/static/chunks/16xm72vaqmhb2.js?dpl=dpl_5deoVL83kAtokHhbhKQfokyh43JH,200,OK,205,254903,,false,
57,Proxy,Wed Sep 30 16:47:48 BOT 2026,GET,https://content-autofill.googleapis.com/v1/pages/ChRDaHJvbWUvMTU0LjAuODAzNy41OBIyCYRz6uoQZ3ZuEhENWaPe_SoKCAcYASACKAA4ByFudL6VD98ICyludL6VD98ICzICIAI=?alt=proto,200,OK,391,16,,false,
59,Proxy,Wed Sep 30 16:47:49 BOT 2026,GET,https://mobiliario.app/_next/static/chunks/0ju3977qvk41k.js?dpl=dpl_5deoVL83kAtokHhbhKQfokyh43JH,200,OK,120,1178,,false,
60,Proxy,Wed Sep 30 16:47:49 BOT 2026,GET,https://mobiliario.app/_next/static/chunks/0~19.h-ew5eys.js?dpl=dpl_5deoVL83kAtokHhbhKQfokyh43JH,200,OK,149,16625,,false,
61,Proxy,Wed Sep 30 16:47:49 BOT 2026,POST,https://mobiliario.app/api/search/events,204,No Content,340,0,,false,
64,Proxy,Wed Sep 30 16:47:49 BOT 2026,GET,https://mobiliario.app/_next/static/chunks/0ls66z9hfjk5d.js?dpl=dpl_5deoVL83kAtokHhbhKQfokyh43JH,200,OK,399,1032462,,false,Comment
67,Proxy,Wed Sep 30 16:47:49 BOT 2026,GET,https://mobiliario.app/_next/static/chunks/10z9fd-mraibm.css?dpl=dpl_5deoVL83kAtokHhbhKQfokyh43JH,200,OK,453,69807,,false,
68,Proxy,Wed Sep 30 16:47:50 BOT 2026,GET,https://mobiliario.app/_next/static/chunks/08bojd~u.tk2l.js?dpl=dpl_5deoVL83kAtokHhbhKQfokyh43JH,200,OK,130,79405,,false,
72,Proxy,Wed Sep 30 16:47:49 BOT 2026,GET,https://connect.facebook.net/en_US/fbevents.js,200,OK,365,428062,Low,false,Comment
74,Proxy,Wed Sep 30 16:47:50 BOT 2026,GET,https://mobiliario.app/api/product-analytics/identity,200,OK,341,79,,false,
79,Proxy,Wed Sep 30 16:47:50 BOT 2026,GET,https://mobiliario.app/listings/61146ed3-b86d-4e40-8b21-b1bb1185a070?_rsc=5CB68i4pnAekjehf,200,OK,353,338,,false,
80,Proxy,Wed Sep 30 16:47:50 BOT 2026,GET,https://www.googletagmanager.com/gtag/js?id=AW-18251526340,200,OK,735,486073,,false,
81,Proxy,Wed Sep 30 16:47:50 BOT 2026,GET,https://mobiliario.app/listings/0e3ffe92-cc26-4d2e-9994-bcb865aeb692?_rsc=5CB68i4pnAekjehf,200,OK,314,338,,false,
82,Proxy,Wed Sep 30 16:47:49 BOT 2026,POST,https://mobiliario.app/,200,OK,1436,111714,,false,
84,Proxy,Wed Sep 30 16:47:50 BOT 2026,GET,https://connect.facebook.net/signals/config/1327925812629125?v=2.9.412&r=stable&domain=mobiliario.app&hme=a4c28c8787325ac3f8f9eac68364f47df2a8c4266e43177443e5d7f6289c9774&ex_m=117%2C240%2C170%2C27%2C81%2C82%2C161%2C77%2C76%2C11%2C180%2C101%2C20%2C152%2C140%2C46%2C84%2C89%2C148%2C175%2C182%2C8%2C4%2C5%2C7%2C6%2C3%2C102%2C114%2C32%2C17%2C31%2C18%2C33%2C34%2C35%2C37%2C55%2C162%2C86%2C125%2C22%2C24%2C51%2C47%2C49%2C48%2C94%2C103%2C107%2C123%2C159%2C163%2C53%2C124%2C29%2C26%2C132%2C78%2C43%2C165%2C164%2C166%2C156%2C154%2C30%2C42%2C66%2C122%2C177%2C79%2C21%2C127%2C92%2C75%2C23%2C96%2C97%2C129%2C95%2C150%2C149%2C153%2C108%2C176%2C179%2C41%2C56%2C126%2C54%2C160%2C184%2C109%2C183%2C209%2C254%2C83%2C273%2C272%2C271%2C14%2C25%2C28%2C40%2C62%2C116%2C68%2C10%2C72%2C110%2C111%2C112%2C118%2C143%2C38%2C36%2C145%2C146%2C147%2C142%2C141%2C171%2C85%2C174%2C172%2C173%2C57%2C67%2C136%2C19%2C178%2C52%2C322%2C323%2C324%2C321%2C337%2C359%2C247%2C236%2C69%2C237%2C235%2C362%2C353%2C59%2C248%2C120%2C144%2C91%2C134%2C61%2C133%2C139%2C138%2C65%2C73%2C71%2C167%2C87%2C88%2C128%2C44%2C39%2C60%2C63%2C113%2C181%2C1%2C137%2C16%2C135%2C12%2C2%2C64%2C104%2C15%2C74%2C70%2C131%2C100%2C99%2C186%2C187%2C105%2C106%2C9%2C115%2C185%2C58%2C157%2C98%2C90%2C80%2C130%2C119%2C168%2C50%2C158%2C0%2C93%2C151%2C155%2C169%2C45%2C121%2C13%2C188,200,OK,245,131387,,false,
85,Proxy,Wed Sep 30 16:47:50 BOT 2026,GET,https://mobiliario.app/welcome?_rsc=5CB68i4pnAekjehf,200,OK,329,238,,false,
86,Proxy,Wed Sep 30 16:47:50 BOT 2026,GET,https://mobiliario.app/api/product-analytics/identity,200,OK,551,79,,false,
88,Proxy,Wed Sep 30 16:47:50 BOT 2026,GET,https://mobiliario.app/landing?_rsc=5CB68i4pnAekjehf,200,OK,467,238,,false,
91,Proxy,Wed Sep 30 16:47:50 BOT 2026,GET,https://cdn.mobiliario.app/maps/bolivia-20260716.pmtiles,206,Partial Content,604,16384,,false,
92,Proxy,Wed Sep 30 16:47:51 BOT 2026,POST,https://www.google.com/ccm/collect?rcb=1&frm=0&apvc=1&auid=545738914.1790801271&dt=Mobiliario%20App%20%E2%80%94%20Propiedades%20en%20venta%20y%20alquiler%20en%20Bolivia&tid=AW-18251526340&en=page_view&dl=https%3A%2F%2Fmobiliario.app%2F&scrsrc=www.googletagmanager.com&rnd=2078016933.1790801271&navt=n&npa=0&gtm=45be69t0v9255936575za200zd9255936575xecxf1&gcd=13l3l3l3l1l1&dma=0&tag_exp=115616985~115938465~115938469~118897920~118897930~120213116~120385423~120469145~120469153~121280969&tft=1790801271239&tfd=6411&tids=AW-18251526340&fmt=8,200,OK,157,0,,false,
93,Proxy,Wed Sep 30 16:47:51 BOT 2026,POST,https://www.google.com/rmkt/collect/18251526340/?random=1790801271190&cv=11&fst=1790801271190&fmt=8&bg=ffffff&guid=ON&async=1&en=gtag.config&gtm=45be69t0v9255936575za200zd9255936575xecxf1&gcd=13l3l3l3l1l1&dma=0&tag_exp=115616985~115938465~115938469~118897920~118897930~120213116~120385423~120469145~120469153~121280969&u_w=1360&u_h=768&url=https%3A%2F%2Fmobiliario.app%2F&rcb=1&frm=0&tiba=Mobiliario%20App%20%E2%80%94%20Propiedades%20en%20venta%20y%20alquiler%20en%20Bolivia&hn=www.googleadservices.com&npa=0&pscdl=noapi&auid=545738914.1790801271&uaa=x86&uab=64&uafvl=Chromium%3B154.0.8037.58%7CGoogle%2520Chrome%3B154.0.8037.58%7CNot%2520A(Brand%3B99.0.0.0&uamb=0&uam=&uap=Windows&uapv=10.0.0&uaw=0&data=event%3Dgtag.config&ept=68&gcp=5,200,OK,178,0,,false,
97,Proxy,Wed Sep 30 16:47:51 BOT 2026,GET,https://www.facebook.com/tr/?id=1327925812629125&ev=PageView&dl=https%3A%2F%2Fmobiliario.app&rl=&if=false&ts=1790801271293&iw=false&sw=1360&sh=768&v=2.9.412&r=stable&ec=0&o=4124&aems=0%3B0&fbp=fb.1.1790801271289.779045132726878463&pm=1&hrl=70a252&ler=empty&cdl=API_unavailable&plt=3087.5&ups%5Bpv%5D=%7B%7D&ups%5Brpv%5D=%7B%7D&it=1790801270696&coo=false&cs_cc=1&dlc=1&expv2%5B0%5D=pl0&expv2%5B1%5D=el2&expv2%5B2%5D=bc1&expv2%5B3%5D=ra0&expv2%5B4%5D=rp0&expv2%5B5%5D=ct3&expv2%5B6%5D=hf0&expv2%5B7%5D=sd1&expv2%5B8%5D=sp1&expv2%5B9%5D=ek1&expv2%5B10%5D=pc1&expv2%5B11%5D=gs1&expv2%5B12%5D=zs1&expv2%5B13%5D=cp1&expv2%5B14%5D=es1&expv2%5B15%5D=ac1&expv2%5B16%5D=so1&expv2%5B17%5D=wc1&expv2%5B18%5D=la1&expv2%5B19%5D=sf1&expv2%5B20%5D=da1&expv2%5B21%5D=io1&expv2%5B22%5D=ae1&expv2%5B23%5D=sx1&expv2%5B24%5D=if1&expv2%5B25%5D=fd1&expv2%5B26%5D=bg1&expv2%5B27%5D=mg1&expv2%5B28%5D=kl1&expv2%5B29%5D=sg1&expv2%5B30%5D=mk1&expv2%5B31%5D=sn1&expv2%5B32%5D=ec1&expv2%5B33%5D=mp1&expv2%5B34%5D=ps1&expv2%5B35%5D=fx1&expv2%5B36%5D=vt1&expv2%5B37%5D=dp1&expv2%5B38%5D=fw1&expv2%5B39%5D=cn1&expv2%5B40%5D=tz1&expv2%5B41%5D=pe1&expv2%5B42%5D=ee1&expv2%5B43%5D=bu1&expv2%5B44%5D=ta1&expv2%5B45%5D=ot1&expv2%5B46%5D=hv1&expv2%5B47%5D=ep1&rqm=GET,200,OK,129,0,,false,
98,Proxy,Wed Sep 30 16:47:50 BOT 2026,GET,https://mobiliario.app/043af6b2d27c525c/script.js,200,OK,724,12567,,false,
99,Proxy,Wed Sep 30 16:47:50 BOT 2026,GET,https://mobiliario.app/eaf6e9b19037495e/script.js,200,OK,725,4469,,false,
106,Proxy,Wed Sep 30 16:47:51 BOT 2026,POST,https://ad.doubleclick.net/ccm/s/collect?auid=545738914.1790801271&gtm=45be69t0v9255936575za200zd9255936575xecxf1&fmt=8,204,No Content,331,0,,false,
110,Proxy,Wed Sep 30 16:47:52 BOT 2026,GET,https://cdn.mobiliario.app/maps/bolivia-20260716.pmtiles,206,Partial Content,299,16384,,false,
112,Proxy,Wed Sep 30 16:47:51 BOT 2026,GET,https://googleads.g.doubleclick.net/pagead/viewthroughconversion/18251526340/?random=1790801271190&cv=11&fst=1790801271190&bg=ffffff&guid=ON&async=1&en=gtag.config&gtm=45be69t0v9255936575za200zd9255936575xecxf1&gcd=13l3l3l3l1l1&dma=0&tag_exp=115616985~115938465~115938469~118897920~118897930~120213116~120385423~120469145~120469153~121280969&u_w=1360&u_h=768&url=https%3A%2F%2Fmobiliario.app%2F&rcb=1&frm=0&tiba=Mobiliario%20App%20%E2%80%94%20Propiedades%20en%20venta%20y%20alquiler%20en%20Bolivia&hn=www.googleadservices.com&npa=0&pscdl=noapi&auid=545738914.1790801271&uaa=x86&uab=64&uafvl=Chromium%3B154.0.8037.58%7CGoogle%2520Chrome%3B154.0.8037.58%7CNot%2520A(Brand%3B99.0.0.0&uamb=0&uam=&uap=Windows&uapv=10.0.0&uaw=0&data=event%3Dgtag.config&ept=9&rfmt=3&fmt=4,200,OK,431,6546,,false,
123,Proxy,Wed Sep 30 16:47:52 BOT 2026,GET,https://mobiliario.app/listings/0e3ffe92-cc26-4d2e-9994-bcb865aeb692?_rsc=_i_aeImnuN6u1u1r,200,OK,332,338,,false,
130,Proxy,Wed Sep 30 16:47:52 BOT 2026,GET,https://cdn.mobiliario.app/maps/assets/sprites/v4/light.json,200,OK,289,3549,,false,
131,Proxy,Wed Sep 30 16:47:52 BOT 2026,GET,https://mobiliario.app/ingest/array/phc_zT28iR4dvnXgMsW5Yy7SpbLALoTTmu5ALGMuYHsxS9pM/config.js,200,OK,452,1194,,false,
136,Proxy,Wed Sep 30 16:47:52 BOT 2026,GET,https://mobiliario.app/welcome?_rsc=_i_aeImnuN6u1u1r,200,OK,306,238,,false,
137,Proxy,Wed Sep 30 16:47:52 BOT 2026,GET,https://mobiliario.app/listings/0e3ffe92-cc26-4d2e-9994-bcb865aeb692?_rsc=5CB68i4pnAekjehf,200,OK,335,338,,false,
138,Proxy,Wed Sep 30 16:47:52 BOT 2026,GET,https://mobiliario.app/listings/61146ed3-b86d-4e40-8b21-b1bb1185a070?_rsc=_i_aeImnuN6u1u1r,200,OK,571,338,,false,
152,Proxy,Wed Sep 30 16:47:53 BOT 2026,GET,https://cdn.mobiliario.app/maps/bolivia-20260716.pmtiles,206,Partial Content,538,8257,,false,
153,Proxy,Wed Sep 30 16:47:53 BOT 2026,GET,https://mobiliario.app/listings/61146ed3-b86d-4e40-8b21-b1bb1185a070?_rsc=5CB68i4pnAekjehf,200,OK,325,338,,false,
154,Proxy,Wed Sep 30 16:47:53 BOT 2026,GET,https://mobiliario.app/ingest/static/1.417.1/posthog-recorder.js,200,OK,500,187064,,false,Comment
157,Proxy,Wed Sep 30 16:47:53 BOT 2026,GET,https://mobiliario.app/?_rsc=5CB68i4pnAekjehf,200,OK,543,157,,false,
158,Proxy,Wed Sep 30 16:47:53 BOT 2026,GET,https://mobiliario.app/landing?_rsc=5CB68i4pnAekjehf,200,OK,563,238,,false,
159,Proxy,Wed Sep 30 16:47:53 BOT 2026,GET,https://mobiliario.app/listings/0e3ffe92-cc26-4d2e-9994-bcb865aeb692?_rsc=WxtV_nIeRPcn-CKq,200,OK,687,10887,,false,
160,Proxy,Wed Sep 30 16:47:53 BOT 2026,GET,https://cdn.mobiliario.app/maps/bolivia-20260716.pmtiles,206,Partial Content,288,14556,,false,
161,Proxy,Wed Sep 30 16:47:53 BOT 2026,GET,https://cdn.mobiliario.app/maps/bolivia-20260716.pmtiles,206,Partial Content,313,7023,,false,
162,Proxy,Wed Sep 30 16:47:53 BOT 2026,GET,https://cdn.mobiliario.app/maps/bolivia-20260716.pmtiles,206,Partial Content,539,10339,,false,
163,Proxy,Wed Sep 30 16:47:53 BOT 2026,GET,https://cdn.mobiliario.app/maps/bolivia-20260716.pmtiles,206,Partial Content,617,36842,,false,Comment
164,Proxy,Wed Sep 30 16:47:53 BOT 2026,GET,https://mobiliario.app/listings/61146ed3-b86d-4e40-8b21-b1bb1185a070?_rsc=35qOq8muXrKNkdx9,200,OK,870,7845,,false,
165,Proxy,Wed Sep 30 16:47:54 BOT 2026,GET,https://cdn.mobiliario.app/maps/assets/fonts/Noto%20Sans%20Regular/0-255.pbf,200,OK,437,76044,Low,false,Comment
167,Proxy,Wed Sep 30 16:47:54 BOT 2026,GET,https://cdn.mobiliario.app/maps/assets/fonts/Noto%20Sans%20Medium/0-255.pbf,200,OK,441,77628,,false,
169,Proxy,Wed Sep 30 16:47:53 BOT 2026,GET,https://mobiliario.app/welcome?_rsc=aultMXqkuRvDScxh,200,OK,786,4876,,false,
170,Proxy,Wed Sep 30 16:47:54 BOT 2026,GET,https://mobiliario.app/landing?_rsc=wV4j3Sw-tb8GCBU0,200,OK,608,5005,,false,
172,Proxy,Wed Sep 30 16:47:54 BOT 2026,GET,https://cdn.mobiliario.app/maps/assets/fonts/Noto%20Sans%20Italic/0-255.pbf,200,OK,720,79344,Low,false,
175,Proxy,Wed Sep 30 16:47:58 BOT 2026,POST,https://mobiliario.app/api/listing-events,200,OK,610,36,,false,JSON
176,Proxy,Wed Sep 30 16:47:58 BOT 2026,POST,https://mobiliario.app/api/listing-events,200,OK,626,36,,false,
179,Proxy,Wed Sep 30 16:47:58 BOT 2026,GET,https://cdn.mobiliario.app/maps/bolivia-20260716.pmtiles,206,Partial Content,304,8572,,false,
180,Proxy,Wed Sep 30 16:47:58 BOT 2026,POST,https://mobiliario.app/api/listing-events,200,OK,354,36,,false,JSON
186,Proxy,Wed Sep 30 16:47:58 BOT 2026,POST,https://mobiliario.app/api/listing-events,200,OK,633,36,,false,JSON
187,Proxy,Wed Sep 30 16:47:59 BOT 2026,GET,https://cdn.mobiliario.app/maps/bolivia-20260716.pmtiles,206,Partial Content,304,18369,,false,Comment
189,Proxy,Wed Sep 30 16:47:59 BOT 2026,GET,https://cdn.mobiliario.app/maps/bolivia-20260716.pmtiles,206,Partial Content,312,25368,,false,
190,Proxy,Wed Sep 30 16:47:59 BOT 2026,GET,https://cdn.mobiliario.app/maps/bolivia-20260716.pmtiles,206,Partial Content,325,36958,,false,
191,Proxy,Wed Sep 30 16:47:59 BOT 2026,GET,https://cdn.mobiliario.app/maps/bolivia-20260716.pmtiles,206,Partial Content,354,12726,,false,
192,Proxy,Wed Sep 30 16:47:59 BOT 2026,GET,https://mobiliario.app/listings/8cd6d990-8141-4477-ace5-b5aad1c301b0?_rsc=5CB68i4pnAekjehf,200,OK,350,338,,false,
195,Proxy,Wed Sep 30 16:47:59 BOT 2026,GET,https://mobiliario.app/listings/5949525c-2006-4556-8ab7-44936762f5d7?_rsc=5CB68i4pnAekjehf,200,OK,323,338,,false,
196,Proxy,Wed Sep 30 16:47:59 BOT 2026,GET,https://mobiliario.app/listings/22732e6e-6aed-4912-85f7-31185d840f2d?_rsc=5CB68i4pnAekjehf,200,OK,329,338,,false,
197,Proxy,Wed Sep 30 16:47:59 BOT 2026,GET,https://mobiliario.app/listings/d38c848d-731f-4ed1-b4b3-d4580ef439bc?_rsc=5CB68i4pnAekjehf,200,OK,329,338,,false,
207,Proxy,Wed Sep 30 16:48:00 BOT 2026,GET,https://mobiliario.app/listings/5949525c-2006-4556-8ab7-44936762f5d7?_rsc=tXyZJ52UQVBCVsD3,200,OK,312,3067,,false,
208,Proxy,Wed Sep 30 16:48:00 BOT 2026,GET,https://mobiliario.app/listings/8cd6d990-8141-4477-ace5-b5aad1c301b0?_rsc=tXyZJ52UQVBCVsD3,200,OK,338,3127,,false,
209,Proxy,Wed Sep 30 16:48:00 BOT 2026,GET,https://mobiliario.app/?city=santa-cruz&north=-17.582679516125026&south=-18.170911755615734&east=-62.82522385830924&west=-63.42922442455871&_rsc=cMve3PpQrJhYcjbG,200,OK,1613,82199,,false,
210,Proxy,Wed Sep 30 16:48:01 BOT 2026,GET,https://cdn.mobiliario.app/maps/bolivia-20260716.pmtiles,206,Partial Content,299,4509,,false,
211,Proxy,Wed Sep 30 16:48:01 BOT 2026,GET,https://cdn.mobiliario.app/maps/bolivia-20260716.pmtiles,206,Partial Content,311,8324,,false,
212,Proxy,Wed Sep 30 16:48:01 BOT 2026,GET,https://www.facebook.com/tr/?id=1327925812629125&ev=PageView&dl=https%3A%2F%2Fmobiliario.app&rl=&if=false&ts=1790801281864&iw=false&sw=1360&sh=768&v=2.9.412&r=stable&ec=1&o=4124&aems=0%3B0&fbp=fb.1.1790801271289.779045132726878463&pm=1&hrl=65681a&ler=empty&cdl=API_unavailable&plt=3087.5&ups%5Bpv%5D=%7B%7D&ups%5Brpv%5D=%7B%7D&it=1790801281859&coo=false&cs_cc=1&dlc=1&expv2%5B0%5D=pl0&expv2%5B1%5D=el3&expv2%5B2%5D=bc1&expv2%5B3%5D=ra0&expv2%5B4%5D=rp0&expv2%5B5%5D=ct3&expv2%5B6%5D=hf0&expv2%5B7%5D=sd1&expv2%5B8%5D=sp1&expv2%5B9%5D=ek1&expv2%5B10%5D=pc1&expv2%5B11%5D=gs1&expv2%5B12%5D=zs1&expv2%5B13%5D=cp1&expv2%5B14%5D=es1&expv2%5B15%5D=ac1&expv2%5B16%5D=so1&expv2%5B17%5D=wc1&expv2%5B18%5D=la1&expv2%5B19%5D=sf1&expv2%5B20%5D=da1&expv2%5B21%5D=io1&expv2%5B22%5D=ae1&expv2%5B23%5D=sx1&expv2%5B24%5D=if1&expv2%5B25%5D=fd1&expv2%5B26%5D=bg1&expv2%5B27%5D=mg1&expv2%5B28%5D=kl1&expv2%5B29%5D=sg1&expv2%5B30%5D=mk1&expv2%5B31%5D=sn1&expv2%5B32%5D=ec1&expv2%5B33%5D=mp1&expv2%5B34%5D=ps1&expv2%5B35%5D=fx1&expv2%5B36%5D=vt1&expv2%5B37%5D=dp1&expv2%5B38%5D=fw1&expv2%5B39%5D=cn1&expv2%5B40%5D=tz1&expv2%5B41%5D=pe1&expv2%5B42%5D=ee1&expv2%5B43%5D=bu1&expv2%5B44%5D=ta1&expv2%5B45%5D=ot1&expv2%5B46%5D=hv1&expv2%5B47%5D=ep1&rqm=GET,200,OK,46,0,Low,false,SetCookie
213,Proxy,Wed Sep 30 16:48:02 BOT 2026,POST,https://mobiliario.app/api/search/events,204,No Content,353,0,,false,
214,Proxy,Wed Sep 30 16:48:02 BOT 2026,POST,https://mobiliario.app/api/listing-events,200,OK,386,36,,false,JSON
215,Proxy,Wed Sep 30 16:48:02 BOT 2026,POST,https://mobiliario.app/api/listing-events,200,OK,458,36,,false,JSON
216,Proxy,Wed Sep 30 16:48:02 BOT 2026,POST,https://mobiliario.app/api/listing-events,200,OK,663,36,,false,JSON
217,Proxy,Wed Sep 30 16:48:02 BOT 2026,POST,https://mobiliario.app/api/listing-events,200,OK,676,36,,false,JSON
218,Proxy,Wed Sep 30 16:48:02 BOT 2026,GET,https://mobiliario.app/listings/d38c848d-731f-4ed1-b4b3-d4580ef439bc?_rsc=tXyZJ52UQVBCVsD3,200,OK,341,3112,,false,
219,Proxy,Wed Sep 30 16:48:02 BOT 2026,GET,https://mobiliario.app/listings/22732e6e-6aed-4912-85f7-31185d840f2d?_rsc=tXyZJ52UQVBCVsD3,200,OK,575,3121,,false,
220,Proxy,Wed Sep 30 16:48:05 BOT 2026,GET,https://mobiliario.app/?city=santa-cruz&view=map&polygon=-63.080516%2C-17.731443%3B-63.230237%2C-17.66927%3B-63.158576%2C-17.831363&_rsc=cMve3PpQrJhYcjbG,200,OK,1393,82040,,false,
221,Proxy,Wed Sep 30 16:48:07 BOT 2026,GET,https://www.facebook.com/tr/?id=1327925812629125&ev=PageView&dl=https%3A%2F%2Fmobiliario.app&rl=&if=false&ts=1790801287085&iw=false&sw=1360&sh=768&v=2.9.412&r=stable&ec=2&o=4124&aems=0%3B0&fbp=fb.1.1790801271289.779045132726878463&pm=1&hrl=7978ab&ler=empty&cdl=API_unavailable&plt=3087.5&ups%5Bpv%5D=%7B%7D&ups%5Brpv%5D=%7B%7D&it=1790801287083&coo=false&cs_cc=1&dlc=1&expv2%5B0%5D=pl0&expv2%5B1%5D=el3&expv2%5B2%5D=bc1&expv2%5B3%5D=ra0&expv2%5B4%5D=rp0&expv2%5B5%5D=ct3&expv2%5B6%5D=hf0&expv2%5B7%5D=sd1&expv2%5B8%5D=sp1&expv2%5B9%5D=ek1&expv2%5B10%5D=pc1&expv2%5B11%5D=gs1&expv2%5B12%5D=zs1&expv2%5B13%5D=cp1&expv2%5B14%5D=es1&expv2%5B15%5D=ac1&expv2%5B16%5D=so1&expv2%5B17%5D=wc1&expv2%5B18%5D=la1&expv2%5B19%5D=sf1&expv2%5B20%5D=da1&expv2%5B21%5D=io1&expv2%5B22%5D=ae1&expv2%5B23%5D=sx1&expv2%5B24%5D=if1&expv2%5B25%5D=fd1&expv2%5B26%5D=bg1&expv2%5B27%5D=mg1&expv2%5B28%5D=kl1&expv2%5B29%5D=sg1&expv2%5B30%5D=mk1&expv2%5B31%5D=sn1&expv2%5B32%5D=ec1&expv2%5B33%5D=mp1&expv2%5B34%5D=ps1&expv2%5B35%5D=fx1&expv2%5B36%5D=vt1&expv2%5B37%5D=dp1&expv2%5B38%5D=fw1&expv2%5B39%5D=cn1&expv2%5B40%5D=tz1&expv2%5B41%5D=pe1&expv2%5B42%5D=ee1&expv2%5B43%5D=bu1&expv2%5B44%5D=ta1&expv2%5B45%5D=ot1&expv2%5B46%5D=hv1&expv2%5B47%5D=ep1&rqm=GET,200,OK,89,0,,false,SetCookie
222,Proxy,Wed Sep 30 16:48:08 BOT 2026,GET,https://cdn.mobiliario.app/maps/bolivia-20260716.pmtiles,206,Partial Content,300,11741,,false,Comment
223,Proxy,Wed Sep 30 16:48:08 BOT 2026,GET,https://cdn.mobiliario.app/maps/bolivia-20260716.pmtiles,206,Partial Content,442,33735,,false,
224,Proxy,Wed Sep 30 16:48:08 BOT 2026,GET,https://cdn.mobiliario.app/maps/bolivia-20260716.pmtiles,206,Partial Content,458,30126,,false,Comment
225,Proxy,Wed Sep 30 16:48:08 BOT 2026,GET,https://cdn.mobiliario.app/maps/bolivia-20260716.pmtiles,206,Partial Content,479,16499,,false,
226,Proxy,Wed Sep 30 16:48:08 BOT 2026,GET,https://cdn.mobiliario.app/maps/bolivia-20260716.pmtiles,206,Partial Content,522,11379,,false,
227,Proxy,Wed Sep 30 16:48:08 BOT 2026,GET,https://cdn.mobiliario.app/maps/bolivia-20260716.pmtiles,206,Partial Content,556,17602,,false,
228,Proxy,Wed Sep 30 16:48:08 BOT 2026,GET,https://cdn.mobiliario.app/maps/bolivia-20260716.pmtiles,206,Partial Content,544,9549,,false,Comment
229,Proxy,Wed Sep 30 16:48:08 BOT 2026,GET,https://cdn.mobiliario.app/maps/bolivia-20260716.pmtiles,206,Partial Content,588,5974,,false,
230,Proxy,Wed Sep 30 16:48:08 BOT 2026,POST,https://mobiliario.app/api/search/events,204,No Content,2043,0,,false,
231,Proxy,Wed Sep 30 16:48:08 BOT 2026,GET,https://mobiliario.app/?city=santa-cruz&view=map&north=-17.60255336077512&south=-17.946395457544213&east=-62.77286103325285&west=-63.497261020324245&_rsc=cMve3PpQrJhYcjbG,200,OK,2251,81962,,false,
232,Proxy,Wed Sep 30 16:48:10 BOT 2026,GET,https://mobiliario.app/inmuebles/cochabamba?_rsc=5CB68i4pnAekjehf,200,OK,602,287,,false,
234,Proxy,Wed Sep 30 16:48:10 BOT 2026,GET,https://mobiliario.app/inmuebles/santa-cruz?_rsc=5CB68i4pnAekjehf,200,OK,372,287,,false,
235,Proxy,Wed Sep 30 16:48:10 BOT 2026,GET,https://mobiliario.app/inmuebles/la-paz?_rsc=5CB68i4pnAekjehf,200,OK,594,283,,false,
236,Proxy,Wed Sep 30 16:48:10 BOT 2026,GET,https://mobiliario.app/inmuebles/bolivia?_rsc=5CB68i4pnAekjehf,200,OK,566,284,,false,
237,Proxy,Wed Sep 30 16:48:11 BOT 2026,GET,https://www.facebook.com/tr/?id=1327925812629125&ev=PageView&dl=https%3A%2F%2Fmobiliario.app&rl=&if=false&ts=1790801291068&iw=false&sw=1360&sh=768&v=2.9.412&r=stable&ec=3&o=4124&aems=0%3B0&fbp=fb.1.1790801271289.779045132726878463&pm=1&hrl=b45389&ler=empty&cdl=API_unavailable&plt=3087.5&ups%5Bpv%5D=%7B%7D&ups%5Brpv%5D=%7B%7D&it=1790801291066&coo=false&cs_cc=1&dlc=1&expv2%5B0%5D=pl0&expv2%5B1%5D=el2&expv2%5B2%5D=bc1&expv2%5B3%5D=ra0&expv2%5B4%5D=rp0&expv2%5B5%5D=ct3&expv2%5B6%5D=hf0&expv2%5B7%5D=sd1&expv2%5B8%5D=sp1&expv2%5B9%5D=ek1&expv2%5B10%5D=pc1&expv2%5B11%5D=gs1&expv2%5B12%5D=zs1&expv2%5B13%5D=cp1&expv2%5B14%5D=es1&expv2%5B15%5D=ac1&expv2%5B16%5D=so1&expv2%5B17%5D=wc1&expv2%5B18%5D=la1&expv2%5B19%5D=sf1&expv2%5B20%5D=da1&expv2%5B21%5D=io1&expv2%5B22%5D=ae1&expv2%5B23%5D=sx1&expv2%5B24%5D=if1&expv2%5B25%5D=fd1&expv2%5B26%5D=bg1&expv2%5B27%5D=mg1&expv2%5B28%5D=kl1&expv2%5B29%5D=sg1&expv2%5B30%5D=mk1&expv2%5B31%5D=sn1&expv2%5B32%5D=ec1&expv2%5B33%5D=mp1&expv2%5B34%5D=ps1&expv2%5B35%5D=fx1&expv2%5B36%5D=vt1&expv2%5B37%5D=dp1&expv2%5B38%5D=fw1&expv2%5B39%5D=cn1&expv2%5B40%5D=tz1&expv2%5B41%5D=pe1&expv2%5B42%5D=ee1&expv2%5B43%5D=bu1&expv2%5B44%5D=ta1&expv2%5B45%5D=ot1&expv2%5B46%5D=hv1&expv2%5B47%5D=ep1&rqm=GET,200,OK,53,0,,false,SetCookie
238,Proxy,Wed Sep 30 16:48:11 BOT 2026,POST,https://mobiliario.app/api/search/events,204,No Content,614,0,,false,
239,Proxy,Wed Sep 30 16:48:11 BOT 2026,GET,https://mobiliario.app/inmuebles/cochabamba?_rsc=VfKFapocow9K3dEN,200,OK,579,4675,,false,
240,Proxy,Wed Sep 30 16:48:11 BOT 2026,GET,https://mobiliario.app/inmuebles/la-paz?_rsc=DlLhORPbeOkvtP1m,200,OK,582,211,,false,
241,Proxy,Wed Sep 30 16:48:12 BOT 2026,GET,https://mobiliario.app/inmuebles/santa-cruz?_rsc=-D2YyFneDo_PXtiq,200,OK,335,219,,false,
242,Proxy,Wed Sep 30 16:48:12 BOT 2026,GET,https://mobiliario.app/inmuebles/bolivia?_rsc=TAR-0uzkNB03WJC3,200,OK,520,213,,false,
243,Proxy,Wed Sep 30 16:48:12 BOT 2026,GET,https://mobiliario.app/comprar/departamentos/la-paz?_rsc=5CB68i4pnAekjehf,200,OK,548,354,,false,
246,Proxy,Wed Sep 30 16:48:12 BOT 2026,GET,https://mobiliario.app/comprar/departamentos/santa-cruz?_rsc=5CB68i4pnAekjehf,200,OK,543,358,,false,
247,Proxy,Wed Sep 30 16:48:12 BOT 2026,GET,https://mobiliario.app/comprar/departamentos/cochabamba?_rsc=5CB68i4pnAekjehf,200,OK,936,358,,false,
248,Proxy,Wed Sep 30 16:48:11 BOT 2026,GET,https://mobiliario.app/?city=santa-cruz&view=map&north=-17.68938218229711&south=-17.79806978847182&east=-63.03462421306034&west=-63.263565466905135&_rsc=cMve3PpQrJhYcjbG,200,OK,1730,82854,,false,
249,Proxy,Wed Sep 30 16:48:12 BOT 2026,GET,https://mobiliario.app/comprar/departamentos/la-paz?_rsc=ILRjH0I5gdEFmCfM,200,OK,616,4685,,false,
250,Proxy,Wed Sep 30 16:48:13 BOT 2026,GET,https://www.facebook.com/tr/?id=1327925812629125&ev=PageView&dl=https%3A%2F%2Fmobiliario.app&rl=&if=false&ts=1790801293344&iw=false&sw=1360&sh=768&v=2.9.412&r=stable&ec=4&o=4124&aems=0%3B0&fbp=fb.1.1790801271289.779045132726878463&pm=1&hrl=9af3d6&ler=empty&cdl=API_unavailable&plt=3087.5&ups%5Bpv%5D=%7B%7D&ups%5Brpv%5D=%7B%7D&it=1790801293340&coo=false&cs_cc=1&dlc=1&expv2%5B0%5D=pl0&expv2%5B1%5D=el3&expv2%5B2%5D=bc1&expv2%5B3%5D=ra0&expv2%5B4%5D=rp0&expv2%5B5%5D=ct3&expv2%5B6%5D=hf0&expv2%5B7%5D=sd1&expv2%5B8%5D=sp1&expv2%5B9%5D=ek1&expv2%5B10%5D=pc1&expv2%5B11%5D=gs1&expv2%5B12%5D=zs1&expv2%5B13%5D=cp1&expv2%5B14%5D=es1&expv2%5B15%5D=ac1&expv2%5B16%5D=so1&expv2%5B17%5D=wc1&expv2%5B18%5D=la1&expv2%5B19%5D=sf1&expv2%5B20%5D=da1&expv2%5B21%5D=io1&expv2%5B22%5D=ae1&expv2%5B23%5D=sx1&expv2%5B24%5D=if1&expv2%5B25%5D=fd1&expv2%5B26%5D=bg1&expv2%5B27%5D=mg1&expv2%5B28%5D=kl1&expv2%5B29%5D=sg1&expv2%5B30%5D=mk1&expv2%5B31%5D=sn1&expv2%5B32%5D=ec1&expv2%5B33%5D=mp1&expv2%5B34%5D=ps1&expv2%5B35%5D=fx1&expv2%5B36%5D=vt1&expv2%5B37%5D=dp1&expv2%5B38%5D=fw1&expv2%5B39%5D=cn1&expv2%5B40%5D=tz1&expv2%5B41%5D=pe1&expv2%5B42%5D=ee1&expv2%5B43%5D=bu1&expv2%5B44%5D=ta1&expv2%5B45%5D=ot1&expv2%5B46%5D=hv1&expv2%5B47%5D=ep1&rqm=GET,200,OK,54,0,,false,SetCookie
251,Proxy,Wed Sep 30 16:48:12 BOT 2026,GET,https://mobiliario.app/comprar/departamentos/santa-cruz?_rsc=tp6GGmDwp7zxDtLS,200,OK,569,292,,false,
252,Proxy,Wed Sep 30 16:48:13 BOT 2026,GET,https://mobiliario.app/comprar/departamentos/cochabamba?_rsc=Uq86ZPIw0DEgvVdx,200,OK,572,292,,false,
253,Proxy,Wed Sep 30 16:48:13 BOT 2026,POST,https://mobiliario.app/api/search/events,204,No Content,563,0,,false,
255,Proxy,Wed Sep 30 16:48:17 BOT 2026,GET,https://mobiliario.app/comprar/casas/santa-cruz?_rsc=5CB68i4pnAekjehf,200,OK,549,350,,false,
257,Proxy,Wed Sep 30 16:48:17 BOT 2026,GET,https://mobiliario.app/comprar/casas/cochabamba?_rsc=5CB68i4pnAekjehf,200,OK,335,350,,false,
256,Proxy,Wed Sep 30 16:48:17 BOT 2026,GET,https://mobiliario.app/comprar/casas/la-paz?_rsc=5CB68i4pnAekjehf,200,OK,532,346,,false,
262,Proxy,Wed Sep 30 16:48:20 BOT 2026,GET,https://mobiliario.app/comprar/casas/la-paz?_rsc=tXyZJ52UQVBCVsD3,200,OK,633,2548,,false,
263,Proxy,Wed Sep 30 16:48:20 BOT 2026,GET,https://mobiliario.app/comprar/casas/santa-cruz?_rsc=tXyZJ52UQVBCVsD3,200,OK,667,2632,,false,
264,Proxy,Wed Sep 30 16:48:20 BOT 2026,GET,https://mobiliario.app/comprar/casas/cochabamba?_rsc=tXyZJ52UQVBCVsD3,200,OK,677,2576,,false,
265,Proxy,Wed Sep 30 16:48:20 BOT 2026,GET,https://mobiliario.app/?city=santa-cruz&view=map&north=-17.68716756032356&south=-17.819610928953097&east=-63.008744595217905&west=-63.28774043925648&_rsc=cMve3PpQrJhYcjbG,200,OK,1620,82858,,false,
266,Proxy,Wed Sep 30 16:48:22 BOT 2026,GET,https://mobiliario.app/?city=santa-cruz&view=map&north=-17.68938218231601&south=-17.798069788490736&east=-63.03462421305862&west=-63.2635654669034&_rsc=cMve3PpQrJhYcjbG,200,OK,1489,82850,,false,
267,Proxy,Wed Sep 30 16:48:23 BOT 2026,GET,https://www.facebook.com/tr/?id=1327925812629125&ev=PageView&dl=https%3A%2F%2Fmobiliario.app&rl=&if=false&ts=1790801303836&iw=false&sw=1360&sh=768&v=2.9.412&r=stable&ec=5&o=4124&aems=0%3B0&fbp=fb.1.1790801271289.779045132726878463&pm=1&hrl=630a9f&ler=empty&cdl=API_unavailable&plt=3087.5&ups%5Bpv%5D=%7B%7D&ups%5Brpv%5D=%7B%7D&it=1790801303832&coo=false&cs_cc=1&dlc=1&expv2%5B0%5D=pl0&expv2%5B1%5D=el3&expv2%5B2%5D=bc1&expv2%5B3%5D=ra0&expv2%5B4%5D=rp0&expv2%5B5%5D=ct3&expv2%5B6%5D=hf0&expv2%5B7%5D=pt0&expv2%5B8%5D=sd1&expv2%5B9%5D=sp1&expv2%5B10%5D=ek1&expv2%5B11%5D=pc1&expv2%5B12%5D=gs1&expv2%5B13%5D=zs1&expv2%5B14%5D=cp1&expv2%5B15%5D=es1&expv2%5B16%5D=ac1&expv2%5B17%5D=so1&expv2%5B18%5D=wc1&expv2%5B19%5D=la1&expv2%5B20%5D=sf1&expv2%5B21%5D=da1&expv2%5B22%5D=io1&expv2%5B23%5D=ae1&expv2%5B24%5D=sx1&expv2%5B25%5D=if1&expv2%5B26%5D=fd1&expv2%5B27%5D=bg1&expv2%5B28%5D=mg1&expv2%5B29%5D=kl1&expv2%5B30%5D=sg1&expv2%5B31%5D=mk1&expv2%5B32%5D=sn1&expv2%5B33%5D=ec1&expv2%5B34%5D=mp1&expv2%5B35%5D=ps1&expv2%5B36%5D=fx1&expv2%5B37%5D=vt1&expv2%5B38%5D=dp1&expv2%5B39%5D=fw1&expv2%5B40%5D=cn1&expv2%5B41%5D=tz1&expv2%5B42%5D=pe1&expv2%5B43%5D=ee1&expv2%5B44%5D=bu1&expv2%5B45%5D=ta1&expv2%5B46%5D=ot1&expv2%5B47%5D=hv1&expv2%5B48%5D=ep1&rqm=GET,200,OK,85,0,Low,false,SetCookie
268,Proxy,Wed Sep 30 16:48:24 BOT 2026,POST,https://mobiliario.app/api/search/events,204,No Content,680,0,,false,
269,Proxy,Wed Sep 30 16:48:28 BOT 2026,POST,https://update.googleapis.com/service/update2/json?cup2key=16:CJMS-rV-K5M8fRd1Y5yrghTuli2iAkVBPYU8RODuths&cup2hreq=3bcbde73a581d9b6ed1aa35ec866ad8ed885ab68e1bd05dea292623610802c60,200,OK,344,309,Low,false,JSON
270,Proxy,Wed Sep 30 16:48:42 BOT 2026,POST,https://update.googleapis.com/service/update2/json?cup2key=16:VhzwjzDpqtmVJAKEqiH1k5YT7w3igVM4RqbhU0HEqOA&cup2hreq=8913d8095f436f7efd0953715088c422cea65fb22bbf58edf7fe20b19ee00ab7,200,OK,457,36690,Low,false,JSON
271,Proxy,Wed Sep 30 16:48:50 BOT 2026,POST,https://clientservices.googleapis.com/uma/v2,200,OK,700,2,Low,false,
274,Proxy,Wed Sep 30 16:48:57 BOT 2026,GET,https://cdn.mobiliario.app/maps/bolivia-20260716.pmtiles,206,Partial Content,339,33735,,false,
275,Proxy,Wed Sep 30 16:48:57 BOT 2026,GET,https://cdn.mobiliario.app/maps/bolivia-20260716.pmtiles,206,Partial Content,339,16499,,false,
276,Proxy,Wed Sep 30 16:48:58 BOT 2026,GET,https://cdn.mobiliario.app/maps/bolivia-20260716.pmtiles,206,Partial Content,301,11379,,false,
277,Proxy,Wed Sep 30 16:48:58 BOT 2026,GET,https://cdn.mobiliario.app/maps/bolivia-20260716.pmtiles,206,Partial Content,281,10919,,false,
278,Proxy,Wed Sep 30 16:48:58 BOT 2026,GET,https://cdn.mobiliario.app/maps/bolivia-20260716.pmtiles,206,Partial Content,300,37837,,false,
279,Proxy,Wed Sep 30 16:48:58 BOT 2026,GET,https://cdn.mobiliario.app/maps/bolivia-20260716.pmtiles,206,Partial Content,295,16123,,false,
280,Proxy,Wed Sep 30 16:48:58 BOT 2026,GET,https://cdn.mobiliario.app/maps/bolivia-20260716.pmtiles,206,Partial Content,307,16062,,false,
281,Proxy,Wed Sep 30 16:48:58 BOT 2026,GET,https://cdn.mobiliario.app/maps/bolivia-20260716.pmtiles,206,Partial Content,317,13716,,false,
282,Proxy,Wed Sep 30 16:48:58 BOT 2026,GET,https://cdn.mobiliario.app/maps/bolivia-20260716.pmtiles,206,Partial Content,347,31670,,false,
283,Proxy,Wed Sep 30 16:48:59 BOT 2026,GET,https://cdn.mobiliario.app/maps/bolivia-20260716.pmtiles,206,Partial Content,296,33288,,false,
284,Proxy,Wed Sep 30 16:48:59 BOT 2026,GET,https://cdn.mobiliario.app/maps/bolivia-20260716.pmtiles,206,Partial Content,297,7665,,false,
285,Proxy,Wed Sep 30 16:48:59 BOT 2026,GET,https://mobiliario.app/comprar/terrenos/cochabamba?_rsc=5CB68i4pnAekjehf,200,OK,547,353,,false,
287,Proxy,Wed Sep 30 16:48:59 BOT 2026,GET,https://mobiliario.app/comprar/terrenos/santa-cruz?_rsc=5CB68i4pnAekjehf,200,OK,550,353,,false,
288,Proxy,Wed Sep 30 16:48:59 BOT 2026,GET,https://mobiliario.app/comprar/terrenos/la-paz?_rsc=5CB68i4pnAekjehf,200,OK,575,349,,false,
289,Proxy,Wed Sep 30 16:48:59 BOT 2026,GET,https://mobiliario.app/alquiler/departamentos/cochabamba?_rsc=5CB68i4pnAekjehf,200,OK,540,359,,false,
292,Proxy,Wed Sep 30 16:49:00 BOT 2026,GET,https://cdn.mobiliario.app/maps/bolivia-20260716.pmtiles,206,Partial Content,315,40692,,false,Comment
293,Proxy,Wed Sep 30 16:49:00 BOT 2026,GET,https://cdn.mobiliario.app/maps/bolivia-20260716.pmtiles,206,Partial Content,296,10608,,false,
294,Proxy,Wed Sep 30 16:49:00 BOT 2026,GET,https://cdn.mobiliario.app/maps/bolivia-20260716.pmtiles,206,Partial Content,305,16974,,false,
295,Proxy,Wed Sep 30 16:49:00 BOT 2026,GET,https://cdn.mobiliario.app/maps/bolivia-20260716.pmtiles,206,Partial Content,295,22946,,false,
296,Proxy,Wed Sep 30 16:48:59 BOT 2026,GET,https://mobiliario.app/?city=santa-cruz&view=map&north=-17.545665147177928&south=-18.409885661355588&east=-62.632029811214124&west=-64.45485564989333&_rsc=cMve3PpQrJhYcjbG,200,OK,1306,81966,,false,
297,Proxy,Wed Sep 30 16:49:00 BOT 2026,GET,https://cdn.mobiliario.app/maps/bolivia-20260716.pmtiles,206,Partial Content,305,31849,,false,Comment
298,Proxy,Wed Sep 30 16:49:00 BOT 2026,GET,https://cdn.mobiliario.app/maps/bolivia-20260716.pmtiles,206,Partial Content,295,22341,,false,
299,Proxy,Wed Sep 30 16:49:00 BOT 2026,GET,https://cdn.mobiliario.app/maps/bolivia-20260716.pmtiles,206,Partial Content,316,37613,,false,Comment
300,Proxy,Wed Sep 30 16:49:00 BOT 2026,GET,https://cdn.mobiliario.app/maps/bolivia-20260716.pmtiles,206,Partial Content,283,18473,,false,
301,Proxy,Wed Sep 30 16:49:00 BOT 2026,GET,https://www.facebook.com/tr/?id=1327925812629125&ev=PageView&dl=https%3A%2F%2Fmobiliario.app&rl=&if=false&ts=1790801340848&iw=false&sw=1360&sh=768&v=2.9.412&r=stable&ec=6&o=4124&aems=0%3B0&fbp=fb.1.1790801271289.779045132726878463&pm=1&hrl=f8c105&ler=empty&cdl=API_unavailable&plt=3087.5&ups%5Bpv%5D=%7B%7D&ups%5Brpv%5D=%7B%7D&it=1790801340842&coo=false&cs_cc=1&dlc=1&expv2%5B0%5D=pl0&expv2%5B1%5D=el3&expv2%5B2%5D=bc1&expv2%5B3%5D=ra0&expv2%5B4%5D=rp0&expv2%5B5%5D=ct3&expv2%5B6%5D=hf0&expv2%5B7%5D=sd1&expv2%5B8%5D=sp1&expv2%5B9%5D=ek1&expv2%5B10%5D=pc1&expv2%5B11%5D=gs1&expv2%5B12%5D=zs1&expv2%5B13%5D=cp1&expv2%5B14%5D=es1&expv2%5B15%5D=ac1&expv2%5B16%5D=so1&expv2%5B17%5D=wc1&expv2%5B18%5D=la1&expv2%5B19%5D=sf1&expv2%5B20%5D=da1&expv2%5B21%5D=io1&expv2%5B22%5D=ae1&expv2%5B23%5D=sx1&expv2%5B24%5D=if1&expv2%5B25%5D=fd1&expv2%5B26%5D=bg1&expv2%5B27%5D=mg1&expv2%5B28%5D=kl1&expv2%5B29%5D=sg1&expv2%5B30%5D=mk1&expv2%5B31%5D=sn1&expv2%5B32%5D=ec1&expv2%5B33%5D=mp1&expv2%5B34%5D=ps1&expv2%5B35%5D=fx1&expv2%5B36%5D=vt1&expv2%5B37%5D=dp1&expv2%5B38%5D=fw1&expv2%5B39%5D=cn1&expv2%5B40%5D=tz1&expv2%5B41%5D=pe1&expv2%5B42%5D=ee1&expv2%5B43%5D=bu1&expv2%5B44%5D=ta1&expv2%5B45%5D=ot1&expv2%5B46%5D=hv1&expv2%5B47%5D=ep1&rqm=GET,200,OK,37,0,,false,SetCookie
302,Proxy,Wed Sep 30 16:49:00 BOT 2026,GET,https://cdn.mobiliario.app/maps/bolivia-20260716.pmtiles,206,Partial Content,288,33917,,false,
303,Proxy,Wed Sep 30 16:49:00 BOT 2026,GET,https://cdn.mobiliario.app/maps/bolivia-20260716.pmtiles,206,Partial Content,379,30863,,false,Comment
304,Proxy,Wed Sep 30 16:49:00 BOT 2026,GET,https://cdn.mobiliario.app/maps/bolivia-20260716.pmtiles,206,Partial Content,351,24769,,false,Comment
305,Proxy,Wed Sep 30 16:49:00 BOT 2026,GET,https://cdn.mobiliario.app/maps/bolivia-20260716.pmtiles,206,Partial Content,414,48183,,false,
306,Proxy,Wed Sep 30 16:49:00 BOT 2026,GET,https://mobiliario.app/alquiler/departamentos/santa-cruz?_rsc=5CB68i4pnAekjehf,200,OK,536,359,,false,
307,Proxy,Wed Sep 30 16:49:00 BOT 2026,GET,https://mobiliario.app/alquiler/departamentos/la-paz?_rsc=5CB68i4pnAekjehf,200,OK,581,355,,false,
308,Proxy,Wed Sep 30 16:49:01 BOT 2026,GET,https://mobiliario.app/alquiler/departamentos/cochabamba?_rsc=fy55mMLzA4PPgtgi,200,OK,548,4729,,false,
309,Proxy,Wed Sep 30 16:49:01 BOT 2026,GET,https://mobiliario.app/comprar/terrenos/cochabamba?_rsc=tXyZJ52UQVBCVsD3,200,OK,571,2597,,false,
310,Proxy,Wed Sep 30 16:49:01 BOT 2026,POST,https://mobiliario.app/api/search/events,204,No Content,562,0,,false,
311,Proxy,Wed Sep 30 16:49:01 BOT 2026,GET,https://mobiliario.app/privacy/preferencias?_rsc=5CB68i4pnAekjehf,200,OK,561,212,,false,
313,Proxy,Wed Sep 30 16:49:02 BOT 2026,GET,https://mobiliario.app/sign-up?_rsc=5CB68i4pnAekjehf,200,OK,331,182,,false,
314,Proxy,Wed Sep 30 16:49:02 BOT 2026,GET,https://mobiliario.app/terms?_rsc=5CB68i4pnAekjehf,200,OK,531,180,,false,
315,Proxy,Wed Sep 30 16:49:02 BOT 2026,GET,https://content-autofill.googleapis.com/v1/pages/ChRDaHJvbWUvMTU0LjAuODAzNy41OBIyCa7_4BebihfgEhENpRqjSioKCAAYBSACOANIBSHzxwxlHtrOgCnzxwxlHtrOgDICIAMSMgmEc-rqEGd2bhIRDVmj3v0qCggHGAEgAigAOAQhbnS-lQ_fCAspbnS-lQ_fCAsyAiAC?alt=proto,200,OK,398,32,Low,false,
316,Proxy,Wed Sep 30 16:49:02 BOT 2026,GET,https://mobiliario.app/privacy?_rsc=5CB68i4pnAekjehf,200,OK,575,182,,false,
317,Proxy,Wed Sep 30 16:49:01 BOT 2026,GET,https://mobiliario.app/?city=santa-cruz&view=map&north=-14.2492551711847&south=-19.425541514798155&east=-60.14812048246196&west=-71.00233877363843&_rsc=cMve3PpQrJhYcjbG,200,OK,1544,81954,,false,
318,Proxy,Wed Sep 30 16:49:02 BOT 2026,GET,https://mobiliario.app/sign-up?_rsc=tXyZJ52UQVBCVsD3,200,OK,579,2762,,false,
319,Proxy,Wed Sep 30 16:49:03 BOT 2026,GET,https://www.facebook.com/tr/?id=1327925812629125&ev=PageView&dl=https%3A%2F%2Fmobiliario.app&rl=&if=false&ts=1790801343347&iw=false&sw=1360&sh=768&v=2.9.412&r=stable&ec=7&o=4124&aems=0%3B0&fbp=fb.1.1790801271289.779045132726878463&pm=1&hrl=be1ad5&ler=empty&cdl=API_unavailable&plt=3087.5&ups%5Bpv%5D=%7B%7D&ups%5Brpv%5D=%7B%7D&it=1790801343341&coo=false&cs_cc=1&dlc=1&expv2%5B0%5D=pl0&expv2%5B1%5D=el3&expv2%5B2%5D=bc1&expv2%5B3%5D=ra0&expv2%5B4%5D=rp0&expv2%5B5%5D=ct3&expv2%5B6%5D=hf0&expv2%5B7%5D=sd1&expv2%5B8%5D=sp1&expv2%5B9%5D=ek1&expv2%5B10%5D=pc1&expv2%5B11%5D=gs1&expv2%5B12%5D=zs1&expv2%5B13%5D=cp1&expv2%5B14%5D=es1&expv2%5B15%5D=ac1&expv2%5B16%5D=so1&expv2%5B17%5D=wc1&expv2%5B18%5D=la1&expv2%5B19%5D=sf1&expv2%5B20%5D=da1&expv2%5B21%5D=io1&expv2%5B22%5D=ae1&expv2%5B23%5D=sx1&expv2%5B24%5D=if1&expv2%5B25%5D=fd1&expv2%5B26%5D=bg1&expv2%5B27%5D=mg1&expv2%5B28%5D=kl1&expv2%5B29%5D=sg1&expv2%5B30%5D=mk1&expv2%5B31%5D=sn1&expv2%5B32%5D=ec1&expv2%5B33%5D=mp1&expv2%5B34%5D=ps1&expv2%5B35%5D=fx1&expv2%5B36%5D=vt1&expv2%5B37%5D=dp1&expv2%5B38%5D=fw1&expv2%5B39%5D=cn1&expv2%5B40%5D=tz1&expv2%5B41%5D=pe1&expv2%5B42%5D=ee1&expv2%5B43%5D=bu1&expv2%5B44%5D=ta1&expv2%5B45%5D=ot1&expv2%5B46%5D=hv1&expv2%5B47%5D=ep1&rqm=GET,200,OK,37,0,,false,SetCookie
320,Proxy,Wed Sep 30 16:49:02 BOT 2026,GET,https://js.hcaptcha.com/1/api.js?onload=hCaptchaOnLoad&render=explicit&uj=false,200,OK,866,358036,,false,
323,Proxy,Wed Sep 30 16:49:03 BOT 2026,GET,https://mobiliario.app/terms?_rsc=tXyZJ52UQVBCVsD3,200,OK,560,2846,,false,
324,Proxy,Wed Sep 30 16:49:03 BOT 2026,GET,https://mobiliario.app/privacy?_rsc=tXyZJ52UQVBCVsD3,200,OK,565,2887,,false,
325,Proxy,Wed Sep 30 16:49:03 BOT 2026,GET,https://mobiliario.app/auth/google/start,307,Temporary Redirect,517,0,Informational,false,SetCookie
328,Proxy,Wed Sep 30 16:49:03 BOT 2026,POST,https://mobiliario.app/api/search/events,204,No Content,580,0,,false,
329,Proxy,Wed Sep 30 16:49:04 BOT 2026,GET,https://content-autofill.googleapis.com/v1/pages/ChRDaHJvbWUvMTU0LjAuODAzNy41OBJUCYBvkmgNyMrdEhENpRqjSioKCAAYBSACOANIBRIPDVNaR8UqCAgAEAIYByAFEg8NvyRSkCoICAcQAxgHIAUh-XeHkAU8d10p-XeHkAU8d10yAiADEjIJhHPq6hBndm4SEQ1Zo979KgoIBxgBIAIoADgCIW50vpUP3wgLKW50vpUP3wgLMgIgAg==?alt=proto,200,OK,390,60,Low,false,
332,Proxy,Wed Sep 30 16:49:04 BOT 2026,GET,https://accounts.google.com/o/oauth2/v2/auth?client_id=979334671542-vkps1at2nr7i4ohgold9fimqcm1232k4.apps.googleusercontent.com&redirect_uri=https%3A%2F%2Fmobiliario.app%2Fauth%2Fgoogle%2Fcallback&response_type=code&scope=openid+email+profile&state=REq5mXalazX-bgxeg7h_HM2byPy8GHbqTOT8u6TElsw&code_challenge=EsNnR7yYy6u37suiDGkzia7n5S84hNODn6M52v1io6k&code_challenge_method=S256&prompt=select_account,302,Moved Temporarily,513,1735,Medium,false,"SetCookie, Comment"
337,Proxy,Wed Sep 30 16:49:04 BOT 2026,GET,https://newassets.hcaptcha.com/captcha/v1/b9ca2a6602c2bf69741b771db488f3001ea35b08/static/hcaptcha.html,200,OK,974,629643,Medium,false,"Script, SetCookie, Comment"
343,Proxy,Wed Sep 30 16:49:05 BOT 2026,POST,https://update.googleapis.com/service/update2/json,200,OK,381,252,,false,
344,Proxy,Wed Sep 30 16:49:05 BOT 2026,GET,https://accounts.google.com/v3/signin/identifier?opparams=%253F&dsh=S404097570%3A1790801345326887&client_id=979334671542-vkps1at2nr7i4ohgold9fimqcm1232k4.apps.googleusercontent.com&code_challenge=EsNnR7yYy6u37suiDGkzia7n5S84hNODn6M52v1io6k&code_challenge_method=S256&o2v=2&prompt=select_account&redirect_uri=https%3A%2F%2Fmobiliario.app%2Fauth%2Fgoogle%2Fcallback&response_type=code&scope=openid+email+profile&service=lso&state=REq5mXalazX-bgxeg7h_HM2byPy8GHbqTOT8u6TElsw&flowName=GeneralOAuthFlow&continue=https%3A%2F%2Faccounts.google.com%2Fsignin%2Foauth%2Fv3%2Fconsent%3Fauthuser%3Dunknown%26part%3DAJi8hAMLWP7jg_Qs_PrthcEIVhIY3AsuElE93ffpvfVEAC_7k2Ky3tHbD9CyBFuVzUExsJ-OnTbIHmvO4iYg8NDT8mq4v3U9iL2SgQUXZbjN730ZcxiCK2y4UniPhPa_MZnwROaBX2zxLrjCUFQaroGR9JYyy8nSXHtXTAI7LP59snQgWmrF4bTnlIPtI7ZtRmh1xFz6lbv5zxo1xHwMudJOKtzIAm40wWndvYawuul-Tg4s2HBRqdkdO6Ap32q5t_XyP8tD0m1kWylivQA-jj1WQfkeXbFijHRLByR4zyATYpdpN8uFcLj4WnIL_Zx3zjh6TTSul6vV99jRXU_vF0y8lKKqfYNTvrk12oVWMnJyjR0FzW8uRK9X-jtOIdXvinxCUoIakoUowYwh5gfMmlJWmAAjY3VTNWHbKaGplmiMlnrxb_9BHfvAacyBjNXgOj7DLOL4q3TxcxU0NaHFbf36iYUx19xwJg%26flowName%3DGeneralOAuthFlow%26as%3DS404097570%253A1790801345326887%26client_id%3D979334671542-vkps1at2nr7i4ohgold9fimqcm1232k4.apps.googleusercontent.com%26requestPath%3D%252Fsignin%252Foauth%252Fv3%252Fconsent%23&app_domain=https%3A%2F%2Fmobiliario.app&rart=ANgoxcebw3ZQStNLtq2lrucdPNz4t-pFPzWfJaqcr-ye0iJkDlVdiAqRwQ_qG4Gai4dBKbLUyD4xDwrkRJxkrDPzYsNUd6MsnAB_XdDfh3Mp_dNar6PgDGo,200,OK,924,1267519,Medium,false,"Password, Hidden, Script, Comment"
349,Proxy,Wed Sep 30 16:49:05 BOT 2026,POST,https://api.hcaptcha.com/checksiteconfig?v=b9ca2a6602c2bf69741b771db488f3001ea35b08&host=mobiliario.app&sitekey=02d0e5be-8c9a-4a2c-a7fe-bb08b7006318&sc=1&swa=1&spst=1,200,OK,415,828,,false,
357,Proxy,Wed Sep 30 16:49:05 BOT 2026,GET,https://newassets.hcaptcha.com/captcha/v1/b9ca2a6602c2bf69741b771db488f3001ea35b08/static/hcaptcha.html,200,OK,1116,629643,,false,"Script, SetCookie, Comment"
358,Proxy,Wed Sep 30 16:49:06 BOT 2026,GET,https://fonts.gstatic.com/s/googlesans/v62/4UaRrENHsxJlGDuGo1OIlJfC6l_24rlCK1Yo_Iq2vgCI.woff2,200,OK,380,55256,Medium,false,Comment
363,Proxy,Wed Sep 30 16:49:06 BOT 2026,GET,"https://www.gstatic.com/_/mss/boq-identity/_/js/k=boq-identity.AccountsSignInUi.en_US.zdF3r6bxK3c.es5.O/am=QQQAAADAgTcSAPRvAAABgu2A72sBaAKEDAAAAAAAAAAAYAUAAFUEEA/d=1/excm=_b,_tp,identifierview/ed=1/dg=0/wt=2/ujg=1/rs=AOaEmlFu4xso6AqOnavBdNishQ8EyQWN-w/dti=1/m=_b,_tp",200,OK,521,1184630,,false,"Hidden, Comment"
379,Proxy,Wed Sep 30 16:49:07 BOT 2026,GET,"https://www.gstatic.com/_/mss/boq-identity/_/js/k=boq-identity.AccountsSignInUi.en_US.zdF3r6bxK3c.es5.O/ck=boq-identity.AccountsSignInUi.b-6K3AgncGQ.L.B1.O/am=QQQAAADAgTcSAPRvAAABgu2A72sBaAKEDAAAAAAAAAAAYAUAAFUEEA/d=1/exm=_b,_tp/excm=_b,_tp,identifierview/ed=1/wt=2/ujg=1/rs=AOaEmlEHtSzHlgLgL0BSsWMMZ0OGH-4juQ/ee=ASJRFf:DAnQ7e;Al0B8:kibjWe;DaIJ8c:iAskyc;EVNhjf:pw70Gc;EkYFhd:GwYlN;EmZ2Bf:zr1jrb;JsbNhc:Xd8iUd;K5nYTd:ZDZcre;LBgRLc:XVMNvd;Me32dd:MEeYgc;NJ1rfe:yGfSdd;NPKaK:PVlQOd;NSEoX:lazG7b;Pjplud:EEDORb;QGR0gd:Mlhmy;Qi0VDf:vUyhef;SMDL4c:K0PMbc;SNUn3:ZwDk9d;ScI3Yc:e7Hzgb;UpnZUd:nnwwYc;Uvc8o:VDovNc;UyjXyd:qXkWrc;VlRiDf:j7ZRif;XdiAjb:NLiXbe;YIZmRd:A1yn5d;a56pNe:JEfCwb;cEt90b:ws9Tlc;dIoSBb:SpsfSb;dowIGb:ebZ3mb;eBAeSb:zbML3c;iFQyKf:vfuNJf;lGvXed:Gtn19d;lOO0Vd:OTA3Ae;nTuGK:JKNPM;oGtAuc:sOXFj;oSUNyd:K0PMbc;oXZmbc:tUnxGc;pXdRYb:L9OGUe;qQEoOc:KUM7Z;qafBPd:yDVVkb;qddgKe:xQtZb;sHdTOe:nSePib;twueg:ouk7y;vNjB7d:YTxL4;wR5FRb:siKnQd;wc73nd:kqeOEd;yxTchf:KUM7Z/dti=1/m=byfTOb,lsjVmc,LEikZe",200,OK,70,41164,Low,false,
391,Proxy,Wed Sep 30 16:49:07 BOT 2026,GET,"https://www.gstatic.com/_/mss/boq-identity/_/js/k=boq-identity.AccountsSignInUi.en_US.zdF3r6bxK3c.es5.O/ck=boq-identity.AccountsSignInUi.b-6K3AgncGQ.L.B1.O/am=QQQAAADAgTcSAPRvAAABgu2A72sBaAKEDAAAAAAAAAAAYAUAAFUEEA/d=1/exm=LEikZe,_b,_tp,byfTOb,lsjVmc/excm=_b,_tp,identifierview/ed=1/wt=2/ujg=1/rs=AOaEmlEHtSzHlgLgL0BSsWMMZ0OGH-4juQ/ee=ASJRFf:DAnQ7e;Al0B8:kibjWe;DaIJ8c:iAskyc;EVNhjf:pw70Gc;EkYFhd:GwYlN;EmZ2Bf:zr1jrb;JsbNhc:Xd8iUd;K5nYTd:ZDZcre;LBgRLc:XVMNvd;Me32dd:MEeYgc;NJ1rfe:yGfSdd;NPKaK:PVlQOd;NSEoX:lazG7b;Pjplud:EEDORb;QGR0gd:Mlhmy;Qi0VDf:vUyhef;SMDL4c:K0PMbc;SNUn3:ZwDk9d;ScI3Yc:e7Hzgb;UpnZUd:nnwwYc;Uvc8o:VDovNc;UyjXyd:qXkWrc;VlRiDf:j7ZRif;XdiAjb:NLiXbe;YIZmRd:A1yn5d;a56pNe:JEfCwb;cEt90b:ws9Tlc;dIoSBb:SpsfSb;dowIGb:ebZ3mb;eBAeSb:zbML3c;iFQyKf:vfuNJf;lGvXed:Gtn19d;lOO0Vd:OTA3Ae;nTuGK:JKNPM;oGtAuc:sOXFj;oSUNyd:K0PMbc;oXZmbc:tUnxGc;pXdRYb:L9OGUe;qQEoOc:KUM7Z;qafBPd:yDVVkb;qddgKe:xQtZb;sHdTOe:nSePib;twueg:ouk7y;vNjB7d:YTxL4;wR5FRb:siKnQd;wc73nd:kqeOEd;yxTchf:KUM7Z/dti=1/m=soHxf",200,OK,140,53564,Low,false,Comment
400,Proxy,Wed Sep 30 16:49:07 BOT 2026,GET,"https://www.gstatic.com/_/mss/boq-identity/_/js/k=boq-identity.AccountsSignInUi.en_US.zdF3r6bxK3c.es5.O/ck=boq-identity.AccountsSignInUi.b-6K3AgncGQ.L.B1.O/am=QQQAAADAgTcSAPRvAAABgu2A72sBaAKEDAAAAAAAAAAAYAUAAFUEEA/d=1/exm=CMcBD,DqMihc,EFQ78c,Fndnac,GwYlN,IZT63,K0PMbc,K1ZKnb,KUM7Z,L9OGUe,LDQI,LEikZe,MY7mZe,MpJwZc,NLiXbe,PrPYRd,SCuOPb,SD8Jgb,SpsfSb,UUJqVe,Uas9Hd,WpP9Yc,YHI3We,YTxL4,YYmHzb,ZSzced,_b,_tp,byfTOb,cYShmd,cciGGe,eWuMIe,gJzDyc,hc6Ubd,inNHtf,lkFgGf,lsjVmc,lwddkf,m9oV,mvkUhe,n73qwf,oLggrd,pxq3x,qmdT9,siKnQd,soHxf,t2srLd,tUnxGc,vHEMJe,vfuNJf,vjKJJ,ws9Tlc,xQtZb,xiZRqc,y5vRwf,z0u0L,zbML3c,zr1jrb,zy0vNb/excm=_b,_tp,identifierview/ed=1/wt=2/ujg=1/rs=AOaEmlEHtSzHlgLgL0BSsWMMZ0OGH-4juQ/ee=ASJRFf:DAnQ7e;Al0B8:kibjWe;DaIJ8c:iAskyc;EVNhjf:pw70Gc;EkYFhd:GwYlN;EmZ2Bf:zr1jrb;JsbNhc:Xd8iUd;K5nYTd:ZDZcre;LBgRLc:XVMNvd;Me32dd:MEeYgc;NJ1rfe:yGfSdd;NPKaK:PVlQOd;NSEoX:lazG7b;Pjplud:EEDORb;QGR0gd:Mlhmy;Qi0VDf:vUyhef;SMDL4c:K0PMbc;SNUn3:ZwDk9d;ScI3Yc:e7Hzgb;UpnZUd:nnwwYc;Uvc8o:VDovNc;UyjXyd:qXkWrc;VlRiDf:j7ZRif;XdiAjb:NLiXbe;YIZmRd:A1yn5d;a56pNe:JEfCwb;cEt90b:ws9Tlc;dIoSBb:SpsfSb;dowIGb:ebZ3mb;eBAeSb:zbML3c;iFQyKf:vfuNJf;lGvXed:Gtn19d;lOO0Vd:OTA3Ae;nTuGK:JKNPM;oGtAuc:sOXFj;oSUNyd:K0PMbc;oXZmbc:tUnxGc;pXdRYb:L9OGUe;qQEoOc:KUM7Z;qafBPd:yDVVkb;qddgKe:xQtZb;sHdTOe:nSePib;twueg:ouk7y;vNjB7d:YTxL4;wR5FRb:siKnQd;wc73nd:kqeOEd;yxTchf:KUM7Z/dti=1/m=UMu52b,rmumx,E87wgc,MDFeYd,qPYxq,Tbb4sb,f8Gu1e,YgOFye,oqkvIf,aXwZ4c,yRXbo,bTi8wc,ywOR5c,PHUIyb",200,OK,178,6712,Low,false,
409,Proxy,Wed Sep 30 16:49:07 BOT 2026,GET,"https://www.gstatic.com/_/mss/boq-identity/_/js/k=boq-identity.AccountsSignInUi.en_US.zdF3r6bxK3c.es5.O/ck=boq-identity.AccountsSignInUi.b-6K3AgncGQ.L.B1.O/am=QQQAAADAgTcSAPRvAAABgu2A72sBaAKEDAAAAAAAAAAAYAUAAFUEEA/d=1/exm=LEikZe,_b,_tp,byfTOb,lsjVmc,soHxf/excm=_b,_tp,identifierview/ed=1/wt=2/ujg=1/rs=AOaEmlEHtSzHlgLgL0BSsWMMZ0OGH-4juQ/ee=ASJRFf:DAnQ7e;Al0B8:kibjWe;DaIJ8c:iAskyc;EVNhjf:pw70Gc;EkYFhd:GwYlN;EmZ2Bf:zr1jrb;JsbNhc:Xd8iUd;K5nYTd:ZDZcre;LBgRLc:XVMNvd;Me32dd:MEeYgc;NJ1rfe:yGfSdd;NPKaK:PVlQOd;NSEoX:lazG7b;Pjplud:EEDORb;QGR0gd:Mlhmy;Qi0VDf:vUyhef;SMDL4c:K0PMbc;SNUn3:ZwDk9d;ScI3Yc:e7Hzgb;UpnZUd:nnwwYc;Uvc8o:VDovNc;UyjXyd:qXkWrc;VlRiDf:j7ZRif;XdiAjb:NLiXbe;YIZmRd:A1yn5d;a56pNe:JEfCwb;cEt90b:ws9Tlc;dIoSBb:SpsfSb;dowIGb:ebZ3mb;eBAeSb:zbML3c;iFQyKf:vfuNJf;lGvXed:Gtn19d;lOO0Vd:OTA3Ae;nTuGK:JKNPM;oGtAuc:sOXFj;oSUNyd:K0PMbc;oXZmbc:tUnxGc;pXdRYb:L9OGUe;qQEoOc:KUM7Z;qafBPd:yDVVkb;qddgKe:xQtZb;sHdTOe:nSePib;twueg:ouk7y;vNjB7d:YTxL4;wR5FRb:siKnQd;wc73nd:kqeOEd;yxTchf:KUM7Z/dti=1/m=pxq3x",200,OK,226,18548,Low,false,
418,Proxy,Wed Sep 30 16:49:07 BOT 2026,GET,https://content-autofill.googleapis.com/v1/pages/ChRDaHJvbWUvMTU0LjAuODAzNy41OBJWCYDpAL11Z6_PEhMNgot8DioMCAcQBxgBIAIoAkgGEg0N6CF-hioGEAYYAiABEhMN05ioByoMCAAQABgBIAEoAUgGIeJd_oNmaGxVKeJd_oNmaGxVMgA=?alt=proto,200,OK,358,40,Low,false,
419,Proxy,Wed Sep 30 16:49:07 BOT 2026,GET,"https://www.gstatic.com/_/mss/boq-identity/_/js/k=boq-identity.AccountsSignInUi.en_US.zdF3r6bxK3c.es5.O/ck=boq-identity.AccountsSignInUi.b-6K3AgncGQ.L.B1.O/am=QQQAAADAgTcSAPRvAAABgu2A72sBaAKEDAAAAAAAAAAAYAUAAFUEEA/d=1/exm=LEikZe,_b,_tp,byfTOb,lsjVmc,pxq3x,soHxf/excm=_b,_tp,identifierview/ed=1/wt=2/ujg=1/rs=AOaEmlEHtSzHlgLgL0BSsWMMZ0OGH-4juQ/ee=ASJRFf:DAnQ7e;Al0B8:kibjWe;DaIJ8c:iAskyc;EVNhjf:pw70Gc;EkYFhd:GwYlN;EmZ2Bf:zr1jrb;JsbNhc:Xd8iUd;K5nYTd:ZDZcre;LBgRLc:XVMNvd;Me32dd:MEeYgc;NJ1rfe:yGfSdd;NPKaK:PVlQOd;NSEoX:lazG7b;Pjplud:EEDORb;QGR0gd:Mlhmy;Qi0VDf:vUyhef;SMDL4c:K0PMbc;SNUn3:ZwDk9d;ScI3Yc:e7Hzgb;UpnZUd:nnwwYc;Uvc8o:VDovNc;UyjXyd:qXkWrc;VlRiDf:j7ZRif;XdiAjb:NLiXbe;YIZmRd:A1yn5d;a56pNe:JEfCwb;cEt90b:ws9Tlc;dIoSBb:SpsfSb;dowIGb:ebZ3mb;eBAeSb:zbML3c;iFQyKf:vfuNJf;lGvXed:Gtn19d;lOO0Vd:OTA3Ae;nTuGK:JKNPM;oGtAuc:sOXFj;oSUNyd:K0PMbc;oXZmbc:tUnxGc;pXdRYb:L9OGUe;qQEoOc:KUM7Z;qafBPd:yDVVkb;qddgKe:xQtZb;sHdTOe:nSePib;twueg:ouk7y;vNjB7d:YTxL4;wR5FRb:siKnQd;wc73nd:kqeOEd;yxTchf:KUM7Z/dti=1/m=n73qwf,SCuOPb,IZT63,YYmHzb,vfuNJf,UUJqVe,ws9Tlc,KUM7Z,siKnQd,gJzDyc,cciGGe,m9oV,vjKJJ,y5vRwf,DqMihc,K1ZKnb,ZSzced,lkFgGf,SD8Jgb,mvkUhe,CMcBD,Fndnac,t2srLd,z0u0L,xiZRqc,L9OGUe,PrPYRd,MpJwZc,cYShmd,hc6Ubd,inNHtf,oLggrd,eWuMIe,WpP9Yc,xQtZb,lwddkf,SpsfSb,tUnxGc,EFQ78c,zbML3c,zr1jrb,vHEMJe,YTxL4,YHI3We,Uas9Hd,zy0vNb,K0PMbc,MY7mZe,qmdT9,GwYlN,NLiXbe,LDQI",200,OK,489,797894,Low,false,"Hidden, Script, MailTo, Comment"
428,Proxy,Wed Sep 30 16:49:07 BOT 2026,GET,https://content-autofill.googleapis.com/v1/pages/ChRDaHJvbWUvMTU0LjAuODAzNy41OBJWCYDpAL11Z6_PEhMNgot8DioMCAcQBxgBIAIoAkgGEg0N6CF-hioGEAYYAiABEhMN05ioByoMCAAQABgBIAEoAUgGIeJd_oNmaGxVKeJd_oNmaGxVMgA=?alt=proto,200,OK,372,40,,false,
429,Proxy,Wed Sep 30 16:49:07 BOT 2026,GET,"https://www.gstatic.com/_/mss/boq-identity/_/js/k=boq-identity.AccountsSignInUi.en_US.zdF3r6bxK3c.es5.O/ck=boq-identity.AccountsSignInUi.b-6K3AgncGQ.L.B1.O/am=QQQAAADAgTcSAPRvAAABgu2A72sBaAKEDAAAAAAAAAAAYAUAAFUEEA/d=1/exm=CMcBD,DqMihc,E87wgc,EFQ78c,Fndnac,GwYlN,IZT63,K0PMbc,K1ZKnb,KUM7Z,L9OGUe,LDQI,LEikZe,MDFeYd,MY7mZe,MpJwZc,NLiXbe,PHUIyb,PrPYRd,SCuOPb,SD8Jgb,SpsfSb,Tbb4sb,UMu52b,UUJqVe,Uas9Hd,WpP9Yc,YHI3We,YTxL4,YYmHzb,YgOFye,ZSzced,_b,_tp,aXwZ4c,bTi8wc,byfTOb,cYShmd,cciGGe,eWuMIe,f8Gu1e,gJzDyc,hc6Ubd,inNHtf,lkFgGf,lsjVmc,lwddkf,m9oV,mvkUhe,n73qwf,oLggrd,oqkvIf,pxq3x,qPYxq,qmdT9,rmumx,siKnQd,soHxf,t2srLd,tUnxGc,vHEMJe,vfuNJf,vjKJJ,ws9Tlc,xQtZb,xiZRqc,y5vRwf,yRXbo,ywOR5c,z0u0L,zbML3c,zr1jrb,zy0vNb/excm=_b,_tp,identifierview/ed=1/wt=2/ujg=1/rs=AOaEmlEHtSzHlgLgL0BSsWMMZ0OGH-4juQ/ee=ASJRFf:DAnQ7e;Al0B8:kibjWe;DaIJ8c:iAskyc;EVNhjf:pw70Gc;EkYFhd:GwYlN;EmZ2Bf:zr1jrb;JsbNhc:Xd8iUd;K5nYTd:ZDZcre;LBgRLc:XVMNvd;Me32dd:MEeYgc;NJ1rfe:yGfSdd;NPKaK:PVlQOd;NSEoX:lazG7b;Pjplud:EEDORb;QGR0gd:Mlhmy;Qi0VDf:vUyhef;SMDL4c:K0PMbc;SNUn3:ZwDk9d;ScI3Yc:e7Hzgb;UpnZUd:nnwwYc;Uvc8o:VDovNc;UyjXyd:qXkWrc;VlRiDf:j7ZRif;XdiAjb:NLiXbe;YIZmRd:A1yn5d;a56pNe:JEfCwb;cEt90b:ws9Tlc;dIoSBb:SpsfSb;dowIGb:ebZ3mb;eBAeSb:zbML3c;iFQyKf:vfuNJf;lGvXed:Gtn19d;lOO0Vd:OTA3Ae;nTuGK:JKNPM;oGtAuc:sOXFj;oSUNyd:K0PMbc;oXZmbc:tUnxGc;pXdRYb:L9OGUe;qQEoOc:KUM7Z;qafBPd:yDVVkb;qddgKe:xQtZb;sHdTOe:nSePib;twueg:ouk7y;vNjB7d:YTxL4;wR5FRb:siKnQd;wc73nd:kqeOEd;yxTchf:KUM7Z/dti=1/m=p3hmRc,LvGhrf,RqjULd",200,OK,52,31161,,false,
438,Proxy,Wed Sep 30 16:49:07 BOT 2026,GET,"https://www.gstatic.com/_/mss/boq-identity/_/js/k=boq-identity.AccountsSignInUi.en_US.zdF3r6bxK3c.es5.O/ck=boq-identity.AccountsSignInUi.b-6K3AgncGQ.L.B1.O/am=QQQAAADAgTcSAPRvAAABgu2A72sBaAKEDAAAAAAAAAAAYAUAAFUEEA/d=1/exm=CMcBD,DqMihc,E87wgc,EFQ78c,Fndnac,GwYlN,IZT63,K0PMbc,K1ZKnb,KUM7Z,L9OGUe,LDQI,LEikZe,LvGhrf,MDFeYd,MY7mZe,MpJwZc,NLiXbe,PHUIyb,PrPYRd,RqjULd,SCuOPb,SD8Jgb,SpsfSb,Tbb4sb,UMu52b,UUJqVe,Uas9Hd,WpP9Yc,YHI3We,YTxL4,YYmHzb,YgOFye,ZSzced,_b,_tp,aXwZ4c,bTi8wc,byfTOb,cYShmd,cciGGe,eWuMIe,f8Gu1e,gJzDyc,hc6Ubd,inNHtf,lkFgGf,lsjVmc,lwddkf,m9oV,mvkUhe,n73qwf,oLggrd,oqkvIf,p3hmRc,pxq3x,qPYxq,qmdT9,rmumx,siKnQd,soHxf,t2srLd,tUnxGc,vHEMJe,vfuNJf,vjKJJ,ws9Tlc,xQtZb,xiZRqc,y5vRwf,yRXbo,ywOR5c,z0u0L,zbML3c,zr1jrb,zy0vNb/excm=_b,_tp,identifierview/ed=1/wt=2/ujg=1/rs=AOaEmlEHtSzHlgLgL0BSsWMMZ0OGH-4juQ/ee=ASJRFf:DAnQ7e;Al0B8:kibjWe;DaIJ8c:iAskyc;EVNhjf:pw70Gc;EkYFhd:GwYlN;EmZ2Bf:zr1jrb;JsbNhc:Xd8iUd;K5nYTd:ZDZcre;LBgRLc:XVMNvd;Me32dd:MEeYgc;NJ1rfe:yGfSdd;NPKaK:PVlQOd;NSEoX:lazG7b;Pjplud:EEDORb;QGR0gd:Mlhmy;Qi0VDf:vUyhef;SMDL4c:K0PMbc;SNUn3:ZwDk9d;ScI3Yc:e7Hzgb;UpnZUd:nnwwYc;Uvc8o:VDovNc;UyjXyd:qXkWrc;VlRiDf:j7ZRif;XdiAjb:NLiXbe;YIZmRd:A1yn5d;a56pNe:JEfCwb;cEt90b:ws9Tlc;dIoSBb:SpsfSb;dowIGb:ebZ3mb;eBAeSb:zbML3c;iFQyKf:vfuNJf;lGvXed:Gtn19d;lOO0Vd:OTA3Ae;nTuGK:JKNPM;oGtAuc:sOXFj;oSUNyd:K0PMbc;oXZmbc:tUnxGc;pXdRYb:L9OGUe;qQEoOc:KUM7Z;qafBPd:yDVVkb;qddgKe:xQtZb;sHdTOe:nSePib;twueg:ouk7y;vNjB7d:YTxL4;wR5FRb:siKnQd;wc73nd:kqeOEd;yxTchf:KUM7Z/dti=1/m=ZwDk9d,RMhBfe",200,OK,55,3419,Low,false,
447,Proxy,Wed Sep 30 16:49:07 BOT 2026,GET,"https://www.gstatic.com/_/mss/boq-identity/_/js/k=boq-identity.AccountsSignInUi.en_US.zdF3r6bxK3c.es5.O/ck=boq-identity.AccountsSignInUi.b-6K3AgncGQ.L.B1.O/am=QQQAAADAgTcSAPRvAAABgu2A72sBaAKEDAAAAAAAAAAAYAUAAFUEEA/d=1/exm=CMcBD,DqMihc,E87wgc,EFQ78c,Fndnac,GwYlN,IZT63,K0PMbc,K1ZKnb,KUM7Z,L9OGUe,LDQI,LEikZe,LvGhrf,MDFeYd,MY7mZe,MpJwZc,NLiXbe,PHUIyb,PrPYRd,RMhBfe,RqjULd,SCuOPb,SD8Jgb,SpsfSb,Tbb4sb,UMu52b,UUJqVe,Uas9Hd,WpP9Yc,YHI3We,YTxL4,YYmHzb,YgOFye,ZSzced,ZwDk9d,_b,_tp,aXwZ4c,bTi8wc,byfTOb,cYShmd,cciGGe,eWuMIe,f8Gu1e,gJzDyc,hc6Ubd,inNHtf,lkFgGf,lsjVmc,lwddkf,m9oV,mvkUhe,n73qwf,oLggrd,oqkvIf,p3hmRc,pxq3x,qPYxq,qmdT9,rmumx,siKnQd,soHxf,t2srLd,tUnxGc,vHEMJe,vfuNJf,vjKJJ,ws9Tlc,xQtZb,xiZRqc,y5vRwf,yRXbo,ywOR5c,z0u0L,zbML3c,zr1jrb,zy0vNb/excm=_b,_tp,identifierview/ed=1/wt=2/ujg=1/rs=AOaEmlEHtSzHlgLgL0BSsWMMZ0OGH-4juQ/ee=ASJRFf:DAnQ7e;Al0B8:kibjWe;DaIJ8c:iAskyc;EVNhjf:pw70Gc;EkYFhd:GwYlN;EmZ2Bf:zr1jrb;JsbNhc:Xd8iUd;K5nYTd:ZDZcre;LBgRLc:XVMNvd;Me32dd:MEeYgc;NJ1rfe:yGfSdd;NPKaK:PVlQOd;NSEoX:lazG7b;Pjplud:EEDORb;QGR0gd:Mlhmy;Qi0VDf:vUyhef;SMDL4c:K0PMbc;SNUn3:ZwDk9d;ScI3Yc:e7Hzgb;UpnZUd:nnwwYc;Uvc8o:VDovNc;UyjXyd:qXkWrc;VlRiDf:j7ZRif;XdiAjb:NLiXbe;YIZmRd:A1yn5d;a56pNe:JEfCwb;cEt90b:ws9Tlc;dIoSBb:SpsfSb;dowIGb:ebZ3mb;eBAeSb:zbML3c;iFQyKf:vfuNJf;lGvXed:Gtn19d;lOO0Vd:OTA3Ae;nTuGK:JKNPM;oGtAuc:sOXFj;oSUNyd:K0PMbc;oXZmbc:tUnxGc;pXdRYb:L9OGUe;qQEoOc:KUM7Z;qafBPd:yDVVkb;qddgKe:xQtZb;sHdTOe:nSePib;twueg:ouk7y;vNjB7d:YTxL4;wR5FRb:siKnQd;wc73nd:kqeOEd;yxTchf:KUM7Z/dti=1/m=ZDZcre,w9hDv,A7fCU",200,OK,47,1639,,false,
456,Proxy,Wed Sep 30 16:49:08 BOT 2026,GET,"https://www.gstatic.com/_/mss/boq-identity/_/js/k=boq-identity.AccountsSignInUi.en_US.zdF3r6bxK3c.es5.O/ck=boq-identity.AccountsSignInUi.b-6K3AgncGQ.L.B1.O/am=QQQAAADAgTcSAPRvAAABgu2A72sBaAKEDAAAAAAAAAAAYAUAAFUEEA/d=1/exm=A7fCU,CMcBD,DqMihc,E87wgc,EFQ78c,Fndnac,GwYlN,IZT63,K0PMbc,K1ZKnb,KUM7Z,L9OGUe,LDQI,LEikZe,LvGhrf,MDFeYd,MY7mZe,MpJwZc,NLiXbe,PHUIyb,PrPYRd,RMhBfe,RqjULd,SCuOPb,SD8Jgb,SpsfSb,Tbb4sb,UMu52b,UUJqVe,Uas9Hd,WpP9Yc,YHI3We,YTxL4,YYmHzb,YgOFye,ZDZcre,ZSzced,ZwDk9d,_b,_tp,aXwZ4c,bTi8wc,byfTOb,cYShmd,cciGGe,eWuMIe,f8Gu1e,gJzDyc,hc6Ubd,inNHtf,lkFgGf,lsjVmc,lwddkf,m9oV,mvkUhe,n73qwf,oLggrd,oqkvIf,p3hmRc,pxq3x,qPYxq,qmdT9,rmumx,siKnQd,soHxf,t2srLd,tUnxGc,vHEMJe,vfuNJf,vjKJJ,w9hDv,ws9Tlc,xQtZb,xiZRqc,y5vRwf,yRXbo,ywOR5c,z0u0L,zbML3c,zr1jrb,zy0vNb/excm=_b,_tp,identifierview/ed=1/wt=2/ujg=1/rs=AOaEmlEHtSzHlgLgL0BSsWMMZ0OGH-4juQ/ee=ASJRFf:DAnQ7e;Al0B8:kibjWe;DaIJ8c:iAskyc;EVNhjf:pw70Gc;EkYFhd:GwYlN;EmZ2Bf:zr1jrb;JsbNhc:Xd8iUd;K5nYTd:ZDZcre;LBgRLc:XVMNvd;Me32dd:MEeYgc;NJ1rfe:yGfSdd;NPKaK:PVlQOd;NSEoX:lazG7b;Pjplud:EEDORb;QGR0gd:Mlhmy;Qi0VDf:vUyhef;SMDL4c:K0PMbc;SNUn3:ZwDk9d;ScI3Yc:e7Hzgb;UpnZUd:nnwwYc;Uvc8o:VDovNc;UyjXyd:qXkWrc;VlRiDf:j7ZRif;XdiAjb:NLiXbe;YIZmRd:A1yn5d;a56pNe:JEfCwb;cEt90b:ws9Tlc;dIoSBb:SpsfSb;dowIGb:ebZ3mb;eBAeSb:zbML3c;iFQyKf:vfuNJf;lGvXed:Gtn19d;lOO0Vd:OTA3Ae;nTuGK:JKNPM;oGtAuc:sOXFj;oSUNyd:K0PMbc;oXZmbc:tUnxGc;pXdRYb:L9OGUe;qQEoOc:KUM7Z;qafBPd:yDVVkb;qddgKe:xQtZb;sHdTOe:nSePib;twueg:ouk7y;vNjB7d:YTxL4;wR5FRb:siKnQd;wc73nd:kqeOEd;yxTchf:KUM7Z/dti=1/m=uKyK2e,iAskyc,ziXSP,tHIJ4c",200,OK,59,5344,,false,
465,Proxy,Wed Sep 30 16:49:08 BOT 2026,GET,"https://www.gstatic.com/_/mss/boq-identity/_/js/k=boq-identity.AccountsSignInUi.en_US.zdF3r6bxK3c.es5.O/ck=boq-identity.AccountsSignInUi.b-6K3AgncGQ.L.B1.O/am=QQQAAADAgTcSAPRvAAABgu2A72sBaAKEDAAAAAAAAAAAYAUAAFUEEA/d=1/exm=A7fCU,CMcBD,DqMihc,E87wgc,EFQ78c,Fndnac,GwYlN,IZT63,K0PMbc,K1ZKnb,KUM7Z,L9OGUe,LDQI,LEikZe,LvGhrf,MDFeYd,MY7mZe,MpJwZc,NLiXbe,PHUIyb,PrPYRd,RMhBfe,RqjULd,SCuOPb,SD8Jgb,SpsfSb,Tbb4sb,UMu52b,UUJqVe,Uas9Hd,WpP9Yc,YHI3We,YTxL4,YYmHzb,YgOFye,ZDZcre,ZSzced,ZwDk9d,_b,_tp,aXwZ4c,bTi8wc,byfTOb,cYShmd,cciGGe,eWuMIe,f8Gu1e,gJzDyc,hc6Ubd,iAskyc,inNHtf,lkFgGf,lsjVmc,lwddkf,m9oV,mvkUhe,n73qwf,oLggrd,oqkvIf,p3hmRc,pxq3x,qPYxq,qmdT9,rmumx,siKnQd,soHxf,t2srLd,tHIJ4c,tUnxGc,uKyK2e,vHEMJe,vfuNJf,vjKJJ,w9hDv,ws9Tlc,xQtZb,xiZRqc,y5vRwf,yRXbo,ywOR5c,z0u0L,zbML3c,ziXSP,zr1jrb,zy0vNb/excm=_b,_tp,identifierview/ed=1/wt=2/ujg=1/rs=AOaEmlEHtSzHlgLgL0BSsWMMZ0OGH-4juQ/ee=ASJRFf:DAnQ7e;Al0B8:kibjWe;DaIJ8c:iAskyc;EVNhjf:pw70Gc;EkYFhd:GwYlN;EmZ2Bf:zr1jrb;JsbNhc:Xd8iUd;K5nYTd:ZDZcre;LBgRLc:XVMNvd;Me32dd:MEeYgc;NJ1rfe:yGfSdd;NPKaK:PVlQOd;NSEoX:lazG7b;Pjplud:EEDORb;QGR0gd:Mlhmy;Qi0VDf:vUyhef;SMDL4c:K0PMbc;SNUn3:ZwDk9d;ScI3Yc:e7Hzgb;UpnZUd:nnwwYc;Uvc8o:VDovNc;UyjXyd:qXkWrc;VlRiDf:j7ZRif;XdiAjb:NLiXbe;YIZmRd:A1yn5d;a56pNe:JEfCwb;cEt90b:ws9Tlc;dIoSBb:SpsfSb;dowIGb:ebZ3mb;eBAeSb:zbML3c;iFQyKf:vfuNJf;lGvXed:Gtn19d;lOO0Vd:OTA3Ae;nTuGK:JKNPM;oGtAuc:sOXFj;oSUNyd:K0PMbc;oXZmbc:tUnxGc;pXdRYb:L9OGUe;qQEoOc:KUM7Z;qafBPd:yDVVkb;qddgKe:xQtZb;sHdTOe:nSePib;twueg:ouk7y;vNjB7d:YTxL4;wR5FRb:siKnQd;wc73nd:kqeOEd;yxTchf:KUM7Z/dti=1/m=P6sQOc",200,OK,55,2180,,false,
474,Proxy,Wed Sep 30 16:49:08 BOT 2026,GET,https://accounts.youtube.com/accounts/CheckConnection?pmpo=https%3A%2F%2Faccounts.google.com&v=160512237&timestamp=1790801348332,200,OK,201,1289,Medium,false,"Script, Comment"
477,Proxy,Wed Sep 30 16:49:08 BOT 2026,GET,https://accounts.google.com/_/bscframe,200,OK,334,15,Medium,false,
479,Proxy,Wed Sep 30 16:49:08 BOT 2026,GET,https://mobiliario.app/?city=santa-cruz&view=map&north=-14.2492551711847&south=-19.425541514798155&east=-60.14812048246196&west=-71.00233877363843,200,OK,964,594975,Medium,false,"Form, Script, MailTo, Comment"
480,Proxy,Wed Sep 30 16:49:09 BOT 2026,GET,https://accounts.google.com/generate_204?6JA_PA,204,No Content,189,0,,false,
481,Proxy,Wed Sep 30 16:49:09 BOT 2026,GET,https://mobiliario.app/_next/static/media/5307092570128b5a-s.p.0dld-t76zw9ln.woff2?dpl=dpl_5deoVL83kAtokHhbhKQfokyh43JH,200,OK,207,105660,,false,Comment
482,Proxy,Wed Sep 30 16:49:09 BOT 2026,GET,https://mobiliario.app/_next/static/media/75affa71d1e2f6a7-s.p.0e5c5_wyqqx75.woff2?dpl=dpl_5deoVL83kAtokHhbhKQfokyh43JH,200,OK,341,34940,,false,
483,Proxy,Wed Sep 30 16:49:09 BOT 2026,GET,https://mobiliario.app/_next/static/media/9e9f04e3c37952ab-s.p.07uvnuj.ona6k.woff2?dpl=dpl_5deoVL83kAtokHhbhKQfokyh43JH,200,OK,341,12004,,false,
484,Proxy,Wed Sep 30 16:49:09 BOT 2026,GET,https://mobiliario.app/_next/static/media/651aaf1801011892-s.p.0_pfzm~5i7__8.woff2?dpl=dpl_5deoVL83kAtokHhbhKQfokyh43JH,200,OK,355,32672,,false,
485,Proxy,Wed Sep 30 16:49:09 BOT 2026,GET,https://mobiliario.app/_next/static/chunks/0qogw-aldyl35.css?dpl=dpl_5deoVL83kAtokHhbhKQfokyh43JH,200,OK,154,162443,,false,
486,Proxy,Wed Sep 30 16:49:09 BOT 2026,GET,https://mobiliario.app/_next/static/media/7178b3e590c64307-s.p.0nx0ww8fni_q3.woff2?dpl=dpl_5deoVL83kAtokHhbhKQfokyh43JH,200,OK,379,16540,,false,
487,Proxy,Wed Sep 30 16:49:09 BOT 2026,GET,https://mobiliario.app/_next/static/chunks/0xj_7azl06mtk.css?dpl=dpl_5deoVL83kAtokHhbhKQfokyh43JH,200,OK,375,11604,,false,
488,Proxy,Wed Sep 30 16:49:09 BOT 2026,GET,https://mobiliario.app/_next/static/media/caa3a2e1cccd8315-s.p.09~u27dqhyhd6.woff2?dpl=dpl_5deoVL83kAtokHhbhKQfokyh43JH,200,OK,114,29288,,false,
489,Proxy,Wed Sep 30 16:49:09 BOT 2026,GET,https://mobiliario.app/_next/static/media/daf789e4474d0d90-s.p.02gqgcrlsvm4~.woff2?dpl=dpl_5deoVL83kAtokHhbhKQfokyh43JH,200,OK,132,21296,,false,
490,Proxy,Wed Sep 30 16:49:09 BOT 2026,GET,https://mobiliario.app/_next/static/media/b67966e0b83b2cd0-s.p.04y9-s23ppywx.woff2?dpl=dpl_5deoVL83kAtokHhbhKQfokyh43JH,200,OK,164,120724,,false,Comment
492,Proxy,Wed Sep 30 16:49:09 BOT 2026,GET,https://mobiliario.app/_next/static/chunks/0p9sz6y_ryf72.js?dpl=dpl_5deoVL83kAtokHhbhKQfokyh43JH,200,OK,124,6893,,false,
493,Proxy,Wed Sep 30 16:49:09 BOT 2026,GET,https://mobiliario.app/_next/static/chunks/12~i2-h84i9u-.js?dpl=dpl_5deoVL83kAtokHhbhKQfokyh43JH,200,OK,124,28131,,false,
494,Proxy,Wed Sep 30 16:49:09 BOT 2026,GET,https://mobiliario.app/_next/static/chunks/0uyoz4tpb1p88.js?dpl=dpl_5deoVL83kAtokHhbhKQfokyh43JH,200,OK,164,32362,,false,
495,Proxy,Wed Sep 30 16:49:09 BOT 2026,GET,https://mobiliario.app/_next/static/chunks/0ppvb7h7t95cw.js?dpl=dpl_5deoVL83kAtokHhbhKQfokyh43JH,200,OK,157,110364,,false,
496,Proxy,Wed Sep 30 16:49:09 BOT 2026,GET,https://mobiliario.app/_next/static/chunks/09bzlf-u0by67.js?dpl=dpl_5deoVL83kAtokHhbhKQfokyh43JH,200,OK,228,226800,,false,Script
497,Proxy,Wed Sep 30 16:49:10 BOT 2026,GET,https://mobiliario.app/_next/static/chunks/0pscck3-_.5u8.js?dpl=dpl_5deoVL83kAtokHhbhKQfokyh43JH,200,OK,136,44357,,false,
498,Proxy,Wed Sep 30 16:49:10 BOT 2026,GET,https://mobiliario.app/_next/static/chunks/turbopack-0lkz~yqwzhdqv.js?dpl=dpl_5deoVL83kAtokHhbhKQfokyh43JH,200,OK,124,11421,,false,
499,Proxy,Wed Sep 30 16:49:10 BOT 2026,GET,https://mobiliario.app/_next/static/chunks/0icsw_sc0d6yx.js?dpl=dpl_5deoVL83kAtokHhbhKQfokyh43JH,200,OK,114,2720,,false,
500,Proxy,Wed Sep 30 16:49:10 BOT 2026,GET,https://mobiliario.app/_next/static/chunks/0nprg_.s4luox.js?dpl=dpl_5deoVL83kAtokHhbhKQfokyh43JH,200,OK,119,3715,,false,
501,Proxy,Wed Sep 30 16:49:10 BOT 2026,GET,https://mobiliario.app/_next/static/chunks/0o2fkeykpb~_~.js?dpl=dpl_5deoVL83kAtokHhbhKQfokyh43JH,200,OK,123,55098,,false,
502,Proxy,Wed Sep 30 16:49:10 BOT 2026,GET,https://mobiliario.app/_next/static/chunks/0giqu3b3gisx-.js?dpl=dpl_5deoVL83kAtokHhbhKQfokyh43JH,200,OK,151,39403,,false,
503,Proxy,Wed Sep 30 16:49:10 BOT 2026,GET,https://mobiliario.app/_next/static/chunks/0e~g5lihwm.jm.js?dpl=dpl_5deoVL83kAtokHhbhKQfokyh43JH,200,OK,162,40062,,false,
504,Proxy,Wed Sep 30 16:49:10 BOT 2026,GET,https://mobiliario.app/_next/static/chunks/0yo6uxq8u0mt8.js?dpl=dpl_5deoVL83kAtokHhbhKQfokyh43JH,200,OK,123,18984,,false,
505,Proxy,Wed Sep 30 16:49:10 BOT 2026,GET,https://mobiliario.app/_next/static/chunks/036ps75v.-3v~.js?dpl=dpl_5deoVL83kAtokHhbhKQfokyh43JH,200,OK,235,489809,,false,
506,Proxy,Wed Sep 30 16:49:10 BOT 2026,GET,https://mobiliario.app/_next/static/chunks/0bgtry4viyrqp.js?dpl=dpl_5deoVL83kAtokHhbhKQfokyh43JH,200,OK,121,15523,,false,
507,Proxy,Wed Sep 30 16:49:10 BOT 2026,GET,https://mobiliario.app/_next/static/chunks/0-q9qv.wll7l0.js?dpl=dpl_5deoVL83kAtokHhbhKQfokyh43JH,200,OK,123,39610,,false,
508,Proxy,Wed Sep 30 16:49:10 BOT 2026,GET,https://mobiliario.app/_next/static/chunks/05.r09n6kw8ph.js?dpl=dpl_5deoVL83kAtokHhbhKQfokyh43JH,200,OK,115,106581,,false,
509,Proxy,Wed Sep 30 16:49:10 BOT 2026,GET,https://mobiliario.app/_next/static/chunks/0ltoaw~b-d-3i.js?dpl=dpl_5deoVL83kAtokHhbhKQfokyh43JH,200,OK,131,102319,,false,
510,Proxy,Wed Sep 30 16:49:10 BOT 2026,GET,https://mobiliario.app/_next/static/chunks/16xm72vaqmhb2.js?dpl=dpl_5deoVL83kAtokHhbhKQfokyh43JH,200,OK,198,254903,,false,
511,Proxy,Wed Sep 30 16:49:11 BOT 2026,GET,https://mobiliario.app/_next/static/chunks/0ju3977qvk41k.js?dpl=dpl_5deoVL83kAtokHhbhKQfokyh43JH,200,OK,119,1178,,false,
512,Proxy,Wed Sep 30 16:49:11 BOT 2026,GET,https://mobiliario.app/_next/static/chunks/0~19.h-ew5eys.js?dpl=dpl_5deoVL83kAtokHhbhKQfokyh43JH,200,OK,122,16625,,false,
513,Proxy,Wed Sep 30 16:49:11 BOT 2026,GET,https://mobiliario.app/_next/static/chunks/10z9fd-mraibm.css?dpl=dpl_5deoVL83kAtokHhbhKQfokyh43JH,200,OK,144,69807,,false,
514,Proxy,Wed Sep 30 16:49:11 BOT 2026,GET,https://mobiliario.app/_next/static/chunks/08bojd~u.tk2l.js?dpl=dpl_5deoVL83kAtokHhbhKQfokyh43JH,200,OK,160,79405,,false,
515,Proxy,Wed Sep 30 16:49:11 BOT 2026,POST,https://mobiliario.app/api/search/events,204,No Content,356,0,,false,
516,Proxy,Wed Sep 30 16:49:11 BOT 2026,GET,https://mobiliario.app/_next/static/chunks/0ls66z9hfjk5d.js?dpl=dpl_5deoVL83kAtokHhbhKQfokyh43JH,200,OK,345,1032462,,false,Comment
517,Proxy,Wed Sep 30 16:49:11 BOT 2026,GET,https://mobiliario.app/?_rsc=5CB68i4pnAekjehf,200,OK,298,157,,false,
518,Proxy,Wed Sep 30 16:49:11 BOT 2026,GET,https://mobiliario.app/welcome?_rsc=5CB68i4pnAekjehf,200,OK,309,238,,false,
519,Proxy,Wed Sep 30 16:49:11 BOT 2026,GET,https://mobiliario.app/landing?_rsc=5CB68i4pnAekjehf,200,OK,311,238,,false,
520,Proxy,Wed Sep 30 16:49:11 BOT 2026,GET,https://mobiliario.app/eaf6e9b19037495e/script.js,200,OK,160,4469,,false,
521,Proxy,Wed Sep 30 16:49:11 BOT 2026,GET,https://mobiliario.app/043af6b2d27c525c/script.js,200,OK,163,12567,,false,
522,Proxy,Wed Sep 30 16:49:11 BOT 2026,GET,https://connect.facebook.net/en_US/fbevents.js,200,OK,362,428062,,false,
523,Proxy,Wed Sep 30 16:49:11 BOT 2026,GET,https://mobiliario.app/api/product-analytics/identity,200,OK,303,79,,false,JSON
524,Proxy,Wed Sep 30 16:49:11 BOT 2026,GET,https://connect.facebook.net/signals/config/1327925812629125?v=2.9.412&r=stable&domain=mobiliario.app&hme=a4c28c8787325ac3f8f9eac68364f47df2a8c4266e43177443e5d7f6289c9774&ex_m=117%2C240%2C170%2C27%2C81%2C82%2C161%2C77%2C76%2C11%2C180%2C101%2C20%2C152%2C140%2C46%2C84%2C89%2C148%2C175%2C182%2C8%2C4%2C5%2C7%2C6%2C3%2C102%2C114%2C32%2C17%2C31%2C18%2C33%2C34%2C35%2C37%2C55%2C162%2C86%2C125%2C22%2C24%2C51%2C47%2C49%2C48%2C94%2C103%2C107%2C123%2C159%2C163%2C53%2C124%2C29%2C26%2C132%2C78%2C43%2C165%2C164%2C166%2C156%2C154%2C30%2C42%2C66%2C122%2C177%2C79%2C21%2C127%2C92%2C75%2C23%2C96%2C97%2C129%2C95%2C150%2C149%2C153%2C108%2C176%2C179%2C41%2C56%2C126%2C54%2C160%2C184%2C109%2C183%2C209%2C254%2C83%2C273%2C272%2C271%2C14%2C25%2C28%2C40%2C62%2C116%2C68%2C10%2C72%2C110%2C111%2C112%2C118%2C143%2C38%2C36%2C145%2C146%2C147%2C142%2C141%2C171%2C85%2C174%2C172%2C173%2C57%2C67%2C136%2C19%2C178%2C52%2C322%2C323%2C324%2C321%2C337%2C359%2C247%2C236%2C69%2C237%2C235%2C362%2C353%2C59%2C248%2C120%2C144%2C91%2C134%2C61%2C133%2C139%2C138%2C65%2C73%2C71%2C167%2C87%2C88%2C128%2C44%2C39%2C60%2C63%2C113%2C181%2C1%2C137%2C16%2C135%2C12%2C2%2C64%2C104%2C15%2C74%2C70%2C131%2C100%2C99%2C186%2C187%2C105%2C106%2C9%2C115%2C185%2C58%2C157%2C98%2C90%2C80%2C130%2C119%2C168%2C50%2C158%2C0%2C93%2C151%2C155%2C169%2C45%2C121%2C13%2C188,200,OK,47,131387,,false,
525,Proxy,Wed Sep 30 16:49:11 BOT 2026,GET,https://www.googletagmanager.com/gtag/js?id=AW-18251526340,200,OK,489,486101,,false,"Hidden, Comment"
526,Proxy,Wed Sep 30 16:49:11 BOT 2026,GET,https://cdn.mobiliario.app/maps/bolivia-20260716.pmtiles,206,Partial Content,308,16384,,false,
527,Proxy,Wed Sep 30 16:49:11 BOT 2026,GET,https://mobiliario.app/?_rsc=tXyZJ52UQVBCVsD3,200,OK,517,2807,,false,
528,Proxy,Wed Sep 30 16:49:11 BOT 2026,GET,https://mobiliario.app/landing?_rsc=wV4j3Sw-tb8GCBU0,200,OK,526,5005,,false,
529,Proxy,Wed Sep 30 16:49:11 BOT 2026,GET,https://mobiliario.app/welcome?_rsc=aultMXqkuRvDScxh,200,OK,537,4876,,false,
531,Proxy,Wed Sep 30 16:49:12 BOT 2026,GET,https://www.facebook.com/tr/?id=1327925812629125&ev=PageView&dl=https%3A%2F%2Fmobiliario.app&rl=&if=false&ts=1790801352349&iw=false&sw=1360&sh=768&v=2.9.412&r=stable&ec=0&o=4124&aems=0%3B0&fbp=fb.1.1790801271289.779045132726878463&pm=1&hrl=be1ad5&ler=empty&cdl=API_unavailable&plt=1786.6000000238419&ups%5Bpv%5D=%7B%7D&ups%5Brpv%5D=%7B%7D&it=1790801351914&coo=false&cs_cc=1&dlc=1&exp=s1&expv2%5B0%5D=pl0&expv2%5B1%5D=el2&expv2%5B2%5D=bc1&expv2%5B3%5D=ra0&expv2%5B4%5D=rp0&expv2%5B5%5D=ct2&expv2%5B6%5D=hf1&expv2%5B7%5D=sd1&expv2%5B8%5D=sp1&expv2%5B9%5D=ek1&expv2%5B10%5D=pc1&expv2%5B11%5D=gs1&expv2%5B12%5D=zs1&expv2%5B13%5D=cp1&expv2%5B14%5D=es1&expv2%5B15%5D=ac1&expv2%5B16%5D=so1&expv2%5B17%5D=wc1&expv2%5B18%5D=la1&expv2%5B19%5D=sf1&expv2%5B20%5D=da1&expv2%5B21%5D=io1&expv2%5B22%5D=ae1&expv2%5B23%5D=sx1&expv2%5B24%5D=if1&expv2%5B25%5D=fd1&expv2%5B26%5D=bg1&expv2%5B27%5D=mg1&expv2%5B28%5D=kl1&expv2%5B29%5D=sg1&expv2%5B30%5D=mk1&expv2%5B31%5D=sn1&expv2%5B32%5D=ec1&expv2%5B33%5D=mp1&expv2%5B34%5D=ps1&expv2%5B35%5D=fx1&expv2%5B36%5D=vt1&expv2%5B37%5D=dp1&expv2%5B38%5D=fw1&expv2%5B39%5D=cn1&expv2%5B40%5D=tz1&expv2%5B41%5D=pe1&expv2%5B42%5D=ee1&expv2%5B43%5D=bu1&expv2%5B44%5D=ta1&expv2%5B45%5D=ot1&expv2%5B46%5D=hv1&expv2%5B47%5D=ep1&rqm=GET,200,OK,46,0,Low,false,SetCookie
532,Proxy,Wed Sep 30 16:49:12 BOT 2026,GET,https://cdn.mobiliario.app/maps/bolivia-20260716.pmtiles,206,Partial Content,279,16384,,false,
533,Proxy,Wed Sep 30 16:49:12 BOT 2026,GET,https://cdn.mobiliario.app/maps/assets/sprites/v4/light.json,200,OK,325,3549,,false,
534,Proxy,Wed Sep 30 16:49:11 BOT 2026,GET,https://mobiliario.app/api/product-analytics/identity,200,OK,587,79,,false,JSON
535,Proxy,Wed Sep 30 16:49:12 BOT 2026,POST,https://www.google.com/ccm/collect?rcb=11&frm=0&apvc=1&auid=545738914.1790801271&dt=Mobiliario%20App%20%E2%80%94%20Propiedades%20en%20venta%20y%20alquiler%20en%20Bolivia&tid=AW-18251526340&en=page_view&dl=https%3A%2F%2Fmobiliario.app%2F&scrsrc=www.googletagmanager.com&rnd=372763509.1790801352&navt=h&npa=0&gtm=45be69t1h2v9255936575za200zd9255936575xecxf1&gcd=13l3l3l3l1l1&dma=0&tag_exp=115938466~115938468~118897920~118897930~120213116~120385423~120469145~120469153~121280969&tft=1790801352509&tfd=4181&tids=AW-18251526340&fmt=8,200,OK,48,0,,false,
536,Proxy,Wed Sep 30 16:49:12 BOT 2026,POST,https://www.google.com/rmkt/collect/18251526340/?random=1790801352465&cv=11&fst=1790801352465&fmt=8&bg=ffffff&guid=ON&async=1&en=gtag.config&gtm=45be69t1h2v9255936575za200zd9255936575xecxf1&gcd=13l3l3l3l1l1&dma=0&tag_exp=115938466~115938468~118897920~118897930~120213116~120385423~120469145~120469153~121280969&u_w=1360&u_h=768&url=https%3A%2F%2Fmobiliario.app%2F%3Fcity%3Dsanta-cruz%26view%3Dmap%26north%3D-14.2492551711847%26south%3D-19.425541514798155%26east%3D-60.14812048246196%26west%3D-71.00233877363843&rcb=11&frm=0&tiba=Mobiliario%20App%20%E2%80%94%20Propiedades%20en%20venta%20y%20alquiler%20en%20Bolivia&hn=www.googleadservices.com&npa=0&pscdl=noapi&auid=545738914.1790801271&uaa=x86&uab=64&uafvl=Chromium%3B154.0.8037.58%7CGoogle%2520Chrome%3B154.0.8037.58%7CNot%2520A(Brand%3B99.0.0.0&uamb=0&uam=&uap=Windows&uapv=10.0.0&uaw=0&data=event%3Dgtag.config&ept=68&gcp=5,200,OK,57,0,,false,
537,Proxy,Wed Sep 30 16:49:12 BOT 2026,POST,https://ad.doubleclick.net/ccm/s/collect?auid=545738914.1790801271&gtm=45be69t1h2v9255936575za200zd9255936575xecxf1&fmt=8,204,No Content,118,0,,false,
538,Proxy,Wed Sep 30 16:49:12 BOT 2026,GET,https://cdn.mobiliario.app/maps/bolivia-20260716.pmtiles,206,Partial Content,309,8257,,false,
539,Proxy,Wed Sep 30 16:49:12 BOT 2026,GET,https://googleads.g.doubleclick.net/pagead/viewthroughconversion/18251526340/?random=1790801352465&cv=11&fst=1790801352465&bg=ffffff&guid=ON&async=1&en=gtag.config&gtm=45be69t1h2v9255936575za200zd9255936575xecxf1&gcd=13l3l3l3l1l1&dma=0&tag_exp=115938466~115938468~118897920~118897930~120213116~120385423~120469145~120469153~121280969&u_w=1360&u_h=768&url=https%3A%2F%2Fmobiliario.app%2F%3Fcity%3Dsanta-cruz%26view%3Dmap%26north%3D-14.2492551711847%26south%3D-19.425541514798155%26east%3D-60.14812048246196%26west%3D-71.00233877363843&rcb=11&frm=0&tiba=Mobiliario%20App%20%E2%80%94%20Propiedades%20en%20venta%20y%20alquiler%20en%20Bolivia&hn=www.googleadservices.com&npa=0&pscdl=noapi&auid=545738914.1790801271&uaa=x86&uab=64&uafvl=Chromium%3B154.0.8037.58%7CGoogle%2520Chrome%3B154.0.8037.58%7CNot%2520A(Brand%3B99.0.0.0&uamb=0&uam=&uap=Windows&uapv=10.0.0&uaw=0&data=event%3Dgtag.config&ept=9&rfmt=3&fmt=4,200,OK,394,6862,Low,false,"SetCookie, Comment"
540,Proxy,Wed Sep 30 16:49:12 BOT 2026,GET,https://mobiliario.app/ingest/array/phc_zT28iR4dvnXgMsW5Yy7SpbLALoTTmu5ALGMuYHsxS9pM/config.js,200,OK,425,1194,,false,
541,Proxy,Wed Sep 30 16:49:12 BOT 2026,GET,https://mobiliario.app/ingest/static/1.417.1/posthog-recorder.js,200,OK,439,187064,,false,Comment
544,Proxy,Wed Sep 30 16:49:13 BOT 2026,GET,https://cdn.mobiliario.app/maps/bolivia-20260716.pmtiles,206,Partial Content,278,14556,,false,
545,Proxy,Wed Sep 30 16:49:13 BOT 2026,GET,https://cdn.mobiliario.app/maps/bolivia-20260716.pmtiles,206,Partial Content,289,10339,,false,
546,Proxy,Wed Sep 30 16:49:13 BOT 2026,GET,https://cdn.mobiliario.app/maps/bolivia-20260716.pmtiles,206,Partial Content,284,5974,,false,
547,Proxy,Wed Sep 30 16:49:13 BOT 2026,GET,https://cdn.mobiliario.app/maps/bolivia-20260716.pmtiles,206,Partial Content,360,36842,,false,Comment
548,Proxy,Wed Sep 30 16:49:13 BOT 2026,GET,https://cdn.mobiliario.app/maps/bolivia-20260716.pmtiles,206,Partial Content,302,7023,,false,
549,Proxy,Wed Sep 30 16:49:13 BOT 2026,GET,https://cdn.mobiliario.app/maps/bolivia-20260716.pmtiles,206,Partial Content,332,9549,,false,
550,Proxy,Wed Sep 30 16:49:11 BOT 2026,GET,https://mobiliario.app/?_rsc=cMve3PpQrJhYcjbG,200,OK,1500,81649,,false,
551,Proxy,Wed Sep 30 16:49:13 BOT 2026,GET,https://www.facebook.com/tr/?id=1327925812629125&ev=PageView&dl=https%3A%2F%2Fmobiliario.app&rl=&if=false&ts=1790801353526&iw=false&sw=1360&sh=768&v=2.9.412&r=stable&ec=1&o=4124&aems=0%3B0&fbp=fb.1.1790801271289.779045132726878463&pm=1&hrl=70a252&ler=empty&cdl=API_unavailable&plt=1786.6000000238419&ups%5Bpv%5D=%7B%7D&ups%5Brpv%5D=%7B%7D&it=1790801353518&coo=false&cs_cc=1&dlc=1&exp=s1&expv2%5B0%5D=pl0&expv2%5B1%5D=el2&expv2%5B2%5D=bc1&expv2%5B3%5D=ra0&expv2%5B4%5D=rp0&expv2%5B5%5D=ct2&expv2%5B6%5D=hf1&expv2%5B7%5D=ai1&expv2%5B8%5D=sd1&expv2%5B9%5D=sp1&expv2%5B10%5D=ek1&expv2%5B11%5D=pc1&expv2%5B12%5D=gs1&expv2%5B13%5D=zs1&expv2%5B14%5D=cp1&expv2%5B15%5D=es1&expv2%5B16%5D=ac1&expv2%5B17%5D=so1&expv2%5B18%5D=wc1&expv2%5B19%5D=la1&expv2%5B20%5D=sf1&expv2%5B21%5D=da1&expv2%5B22%5D=io1&expv2%5B23%5D=ae1&expv2%5B24%5D=sx1&expv2%5B25%5D=if1&expv2%5B26%5D=fd1&expv2%5B27%5D=bg1&expv2%5B28%5D=mg1&expv2%5B29%5D=kl1&expv2%5B30%5D=sg1&expv2%5B31%5D=mk1&expv2%5B32%5D=sn1&expv2%5B33%5D=ec1&expv2%5B34%5D=mp1&expv2%5B35%5D=ps1&expv2%5B36%5D=fx1&expv2%5B37%5D=vt1&expv2%5B38%5D=dp1&expv2%5B39%5D=fw1&expv2%5B40%5D=cn1&expv2%5B41%5D=tz1&expv2%5B42%5D=pe1&expv2%5B43%5D=ee1&expv2%5B44%5D=bu1&expv2%5B45%5D=ta1&expv2%5B46%5D=ot1&expv2%5B47%5D=hv1&expv2%5B48%5D=ep1&rqm=GET,200,OK,37,0,,false,
552,Proxy,Wed Sep 30 16:49:13 BOT 2026,GET,https://cdn.mobiliario.app/maps/assets/fonts/Noto%20Sans%20Medium/0-255.pbf,200,OK,323,77628,,false,Comment
553,Proxy,Wed Sep 30 16:49:13 BOT 2026,GET,https://cdn.mobiliario.app/maps/assets/fonts/Noto%20Sans%20Italic/0-255.pbf,200,OK,340,79344,,false,
554,Proxy,Wed Sep 30 16:49:13 BOT 2026,GET,https://cdn.mobiliario.app/maps/assets/fonts/Noto%20Sans%20Regular/0-255.pbf,200,OK,433,76044,,false,Comment
563,Proxy,Wed Sep 30 16:49:13 BOT 2026,POST,https://mobiliario.app/api/search/events,204,No Content,568,0,,false,
566,Proxy,Wed Sep 30 16:49:14 BOT 2026,POST,https://mobiliario.app/api/listing-events,200,OK,339,36,,false,JSON
565,Proxy,Wed Sep 30 16:49:14 BOT 2026,POST,https://mobiliario.app/api/listing-events,200,OK,370,36,,false,JSON
589,Proxy,Wed Sep 30 16:49:15 BOT 2026,GET,https://mobiliario.app/listings/0e3ffe92-cc26-4d2e-9994-bcb865aeb692?_rsc=5CB68i4pnAekjehf,200,OK,316,338,,false,
590,Proxy,Wed Sep 30 16:49:15 BOT 2026,GET,https://mobiliario.app/listings/61146ed3-b86d-4e40-8b21-b1bb1185a070?_rsc=5CB68i4pnAekjehf,200,OK,301,338,,false,
591,Proxy,Wed Sep 30 16:49:15 BOT 2026,GET,https://mobiliario.app/listings/8cd6d990-8141-4477-ace5-b5aad1c301b0?_rsc=5CB68i4pnAekjehf,200,OK,309,338,,false,
592,Proxy,Wed Sep 30 16:49:15 BOT 2026,GET,https://mobiliario.app/listings/22732e6e-6aed-4912-85f7-31185d840f2d?_rsc=5CB68i4pnAekjehf,200,OK,309,338,,false,
601,Proxy,Wed Sep 30 16:49:15 BOT 2026,GET,https://mobiliario.app/listings/0e3ffe92-cc26-4d2e-9994-bcb865aeb692?_rsc=WxtV_nIeRPcn-CKq,200,OK,326,10887,,false,
602,Proxy,Wed Sep 30 16:49:15 BOT 2026,GET,https://mobiliario.app/listings/61146ed3-b86d-4e40-8b21-b1bb1185a070?_rsc=35qOq8muXrKNkdx9,200,OK,320,7845,,false,
603,Proxy,Wed Sep 30 16:49:15 BOT 2026,GET,https://mobiliario.app/listings/8cd6d990-8141-4477-ace5-b5aad1c301b0?_rsc=UVZd-SZZqRrZR7jc,200,OK,313,7872,,false,
604,Proxy,Wed Sep 30 16:49:15 BOT 2026,GET,https://mobiliario.app/listings/22732e6e-6aed-4912-85f7-31185d840f2d?_rsc=3KlcQAHT5HwLVdAN,200,OK,376,7866,,false,
605,Proxy,Wed Sep 30 16:49:15 BOT 2026,POST,https://mobiliario.app/api/search/parse,200,OK,337,411,,false,JSON
606,Proxy,Wed Sep 30 16:49:16 BOT 2026,GET,https://mobiliario.app/?transaction_type=rent&property_category=apartment&city=santa-cruz&area_label=Las+Palmas&area_neighborhood_id=d2a14b4a-fa1e-4326-b43d-027d9ba0141f&_rsc=cMve3PpQrJhYcjbG,200,OK,538,76939,,false,
607,Proxy,Wed Sep 30 16:49:17 BOT 2026,GET,https://www.facebook.com/tr/?id=1327925812629125&ev=PageView&dl=https%3A%2F%2Fmobiliario.app&rl=&if=false&ts=1790801357005&iw=false&sw=1360&sh=768&v=2.9.412&r=stable&ec=2&o=4124&aems=0%3B0&fbp=fb.1.1790801271289.779045132726878463&pm=1&hrl=67cf22&ler=empty&cdl=API_unavailable&plt=1786.6000000238419&ups%5Bpv%5D=%7B%7D&ups%5Brpv%5D=%7B%7D&it=1790801357001&coo=false&cs_cc=1&dlc=1&exp=s1&expv2%5B0%5D=pl0&expv2%5B1%5D=el2&expv2%5B2%5D=bc1&expv2%5B3%5D=ra0&expv2%5B4%5D=rp0&expv2%5B5%5D=ct2&expv2%5B6%5D=hf1&expv2%5B7%5D=sd1&expv2%5B8%5D=sp1&expv2%5B9%5D=ek1&expv2%5B10%5D=pc1&expv2%5B11%5D=gs1&expv2%5B12%5D=zs1&expv2%5B13%5D=cp1&expv2%5B14%5D=es1&expv2%5B15%5D=ac1&expv2%5B16%5D=so1&expv2%5B17%5D=wc1&expv2%5B18%5D=la1&expv2%5B19%5D=sf1&expv2%5B20%5D=da1&expv2%5B21%5D=io1&expv2%5B22%5D=ae1&expv2%5B23%5D=sx1&expv2%5B24%5D=if1&expv2%5B25%5D=fd1&expv2%5B26%5D=bg1&expv2%5B27%5D=mg1&expv2%5B28%5D=kl1&expv2%5B29%5D=sg1&expv2%5B30%5D=mk1&expv2%5B31%5D=sn1&expv2%5B32%5D=ec1&expv2%5B33%5D=mp1&expv2%5B34%5D=ps1&expv2%5B35%5D=fx1&expv2%5B36%5D=vt1&expv2%5B37%5D=dp1&expv2%5B38%5D=fw1&expv2%5B39%5D=cn1&expv2%5B40%5D=tz1&expv2%5B41%5D=pe1&expv2%5B42%5D=ee1&expv2%5B43%5D=bu1&expv2%5B44%5D=ta1&expv2%5B45%5D=ot1&expv2%5B46%5D=hv1&expv2%5B47%5D=ep1&rqm=GET,200,OK,42,0,,false,
651,Proxy,Wed Sep 30 16:49:17 BOT 2026,GET,https://cdn.mobiliario.app/maps/bolivia-20260716.pmtiles,206,Partial Content,357,8427,,false,
657,Proxy,Wed Sep 30 16:49:17 BOT 2026,GET,https://cdn.mobiliario.app/maps/bolivia-20260716.pmtiles,206,Partial Content,279,7968,,false,
658,Proxy,Wed Sep 30 16:49:17 BOT 2026,POST,https://mobiliario.app/api/search/events,204,No Content,287,0,,false,
660,Proxy,Wed Sep 30 16:49:17 BOT 2026,POST,https://mobiliario.app/api/listing-events,200,OK,350,36,,false,JSON
661,Proxy,Wed Sep 30 16:49:17 BOT 2026,POST,https://mobiliario.app/api/listing-events,200,OK,355,36,,false,JSON
662,Proxy,Wed Sep 30 16:49:17 BOT 2026,POST,https://mobiliario.app/api/listing-events,200,OK,358,36,,false,
663,Proxy,Wed Sep 30 16:49:18 BOT 2026,POST,https://mobiliario.app/api/listing-events,200,OK,339,36,,false,JSON
664,Proxy,Wed Sep 30 16:49:18 BOT 2026,GET,https://cdn.mobiliario.app/maps/bolivia-20260716.pmtiles,206,Partial Content,286,7947,,false,
684,Proxy,Wed Sep 30 16:49:18 BOT 2026,GET,https://mobiliario.app/listings/cb1c451a-81b2-4046-9a50-7b5cbde39476?_rsc=5CB68i4pnAekjehf,200,OK,305,338,,false,
685,Proxy,Wed Sep 30 16:49:18 BOT 2026,GET,https://cdn.mobiliario.app/maps/bolivia-20260716.pmtiles,206,Partial Content,313,12782,,false,
686,Proxy,Wed Sep 30 16:49:18 BOT 2026,GET,https://cdn.mobiliario.app/maps/bolivia-20260716.pmtiles,206,Partial Content,339,33067,,false,Comment
691,Proxy,Wed Sep 30 16:49:18 BOT 2026,GET,https://cdn.mobiliario.app/maps/bolivia-20260716.pmtiles,206,Partial Content,547,18236,,false,Comment
692,Proxy,Wed Sep 30 16:49:18 BOT 2026,GET,https://cdn.mobiliario.app/maps/bolivia-20260716.pmtiles,206,Partial Content,591,15045,,false,Comment
711,Proxy,Wed Sep 30 16:49:19 BOT 2026,GET,https://mobiliario.app/listings/1d264393-2818-443c-b403-16306529b9c4?_rsc=5CB68i4pnAekjehf,200,OK,321,338,,false,
716,Proxy,Wed Sep 30 16:49:19 BOT 2026,GET,https://mobiliario.app/listings/611ee203-37c9-479d-96f6-54b067599b8a?_rsc=5CB68i4pnAekjehf,200,OK,524,338,,false,
731,Proxy,Wed Sep 30 16:49:19 BOT 2026,GET,https://mobiliario.app/listings/4c1c7889-a5f8-40e0-a76c-72d309724ff6?_rsc=5CB68i4pnAekjehf,200,OK,537,338,,false,
740,Proxy,Wed Sep 30 16:49:19 BOT 2026,GET,https://mobiliario.app/listings/cb1c451a-81b2-4046-9a50-7b5cbde39476?_rsc=tXyZJ52UQVBCVsD3,200,OK,559,3064,,false,
773,Proxy,Wed Sep 30 16:49:20 BOT 2026,GET,https://mobiliario.app/listings/28cf20d7-7fe0-45b2-8cca-1677886f14dd?_rsc=5CB68i4pnAekjehf,200,OK,550,338,,false,
790,Proxy,Wed Sep 30 16:49:20 BOT 2026,GET,https://mobiliario.app/listings/ce3f8c24-ff01-46c2-ac4a-f8d4766cbdb3?_rsc=5CB68i4pnAekjehf,200,OK,541,338,,false,
813,Proxy,Wed Sep 30 16:49:20 BOT 2026,GET,https://mobiliario.app/listings/611ee203-37c9-479d-96f6-54b067599b8a?_rsc=tXyZJ52UQVBCVsD3,200,OK,531,3193,,false,
814,Proxy,Wed Sep 30 16:49:20 BOT 2026,GET,https://mobiliario.app/listings/4c1c7889-a5f8-40e0-a76c-72d309724ff6?_rsc=tXyZJ52UQVBCVsD3,200,OK,565,3169,,false,
815,Proxy,Wed Sep 30 16:49:20 BOT 2026,GET,https://mobiliario.app/listings/28cf20d7-7fe0-45b2-8cca-1677886f14dd?_rsc=tXyZJ52UQVBCVsD3,200,OK,550,3193,,false,
816,Proxy,Wed Sep 30 16:49:21 BOT 2026,GET,https://mobiliario.app/listings/ce3f8c24-ff01-46c2-ac4a-f8d4766cbdb3?_rsc=tXyZJ52UQVBCVsD3,200,OK,541,3193,,false,
817,Proxy,Wed Sep 30 16:49:21 BOT 2026,GET,https://mobiliario.app/listings/1d264393-2818-443c-b403-16306529b9c4?_rsc=tXyZJ52UQVBCVsD3,200,OK,554,3064,,false,
818,Proxy,Wed Sep 30 16:49:21 BOT 2026,POST,https://mobiliario.app/api/search/events,204,No Content,527,0,,false,
819,Proxy,Wed Sep 30 16:49:21 BOT 2026,GET,https://mobiliario.app/listings/cb1c451a-81b2-4046-9a50-7b5cbde39476,200,OK,875,151817,Medium,false,"Script, MailTo, Comment"
820,Proxy,Wed Sep 30 16:49:22 BOT 2026,GET,https://mobiliario.app/_next/static/media/5307092570128b5a-s.p.0dld-t76zw9ln.woff2?dpl=dpl_5deoVL83kAtokHhbhKQfokyh43JH,200,OK,200,105660,,false,Comment
821,Proxy,Wed Sep 30 16:49:22 BOT 2026,GET,https://mobiliario.app/_next/static/chunks/0xj_7azl06mtk.css?dpl=dpl_5deoVL83kAtokHhbhKQfokyh43JH,200,OK,123,11604,,false,
822,Proxy,Wed Sep 30 16:49:22 BOT 2026,GET,https://mobiliario.app/_next/static/media/75affa71d1e2f6a7-s.p.0e5c5_wyqqx75.woff2?dpl=dpl_5deoVL83kAtokHhbhKQfokyh43JH,200,OK,362,34940,,false,
823,Proxy,Wed Sep 30 16:49:22 BOT 2026,GET,https://mobiliario.app/_next/static/media/9e9f04e3c37952ab-s.p.07uvnuj.ona6k.woff2?dpl=dpl_5deoVL83kAtokHhbhKQfokyh43JH,200,OK,361,12004,,false,
824,Proxy,Wed Sep 30 16:49:22 BOT 2026,GET,https://mobiliario.app/_next/static/media/651aaf1801011892-s.p.0_pfzm~5i7__8.woff2?dpl=dpl_5deoVL83kAtokHhbhKQfokyh43JH,200,OK,370,32672,,false,
825,Proxy,Wed Sep 30 16:49:22 BOT 2026,GET,https://mobiliario.app/_next/static/media/7178b3e590c64307-s.p.0nx0ww8fni_q3.woff2?dpl=dpl_5deoVL83kAtokHhbhKQfokyh43JH,200,OK,379,16540,,false,Comment
826,Proxy,Wed Sep 30 16:49:22 BOT 2026,GET,https://mobiliario.app/_next/static/media/b67966e0b83b2cd0-s.p.04y9-s23ppywx.woff2?dpl=dpl_5deoVL83kAtokHhbhKQfokyh43JH,200,OK,452,120724,,false,
827,Proxy,Wed Sep 30 16:49:22 BOT 2026,GET,https://mobiliario.app/_next/static/chunks/0qogw-aldyl35.css?dpl=dpl_5deoVL83kAtokHhbhKQfokyh43JH,200,OK,156,162443,,false,
828,Proxy,Wed Sep 30 16:49:22 BOT 2026,GET,https://mobiliario.app/_next/static/media/daf789e4474d0d90-s.p.02gqgcrlsvm4~.woff2?dpl=dpl_5deoVL83kAtokHhbhKQfokyh43JH,200,OK,125,21296,,false,
829,Proxy,Wed Sep 30 16:49:22 BOT 2026,GET,https://mobiliario.app/_next/static/media/caa3a2e1cccd8315-s.p.09~u27dqhyhd6.woff2?dpl=dpl_5deoVL83kAtokHhbhKQfokyh43JH,200,OK,134,29288,,false,
830,Proxy,Wed Sep 30 16:49:22 BOT 2026,GET,https://mobiliario.app/_next/static/chunks/0p9sz6y_ryf72.js?dpl=dpl_5deoVL83kAtokHhbhKQfokyh43JH,200,OK,124,6893,,false,
831,Proxy,Wed Sep 30 16:49:22 BOT 2026,GET,https://mobiliario.app/_next/static/chunks/12~i2-h84i9u-.js?dpl=dpl_5deoVL83kAtokHhbhKQfokyh43JH,200,OK,123,28131,,false,
832,Proxy,Wed Sep 30 16:49:22 BOT 2026,GET,https://mobiliario.app/_next/static/chunks/0uyoz4tpb1p88.js?dpl=dpl_5deoVL83kAtokHhbhKQfokyh43JH,200,OK,141,32362,,false,
833,Proxy,Wed Sep 30 16:49:22 BOT 2026,GET,https://mobiliario.app/_next/static/chunks/0ppvb7h7t95cw.js?dpl=dpl_5deoVL83kAtokHhbhKQfokyh43JH,200,OK,167,110364,,false,
834,Proxy,Wed Sep 30 16:49:22 BOT 2026,GET,https://mobiliario.app/_next/static/chunks/09bzlf-u0by67.js?dpl=dpl_5deoVL83kAtokHhbhKQfokyh43JH,200,OK,199,226800,,false,
835,Proxy,Wed Sep 30 16:49:22 BOT 2026,GET,https://mobiliario.app/_next/static/chunks/0pscck3-_.5u8.js?dpl=dpl_5deoVL83kAtokHhbhKQfokyh43JH,200,OK,125,44357,,false,
836,Proxy,Wed Sep 30 16:49:22 BOT 2026,GET,https://mobiliario.app/_next/static/chunks/0icsw_sc0d6yx.js?dpl=dpl_5deoVL83kAtokHhbhKQfokyh43JH,200,OK,119,2720,,false,
837,Proxy,Wed Sep 30 16:49:22 BOT 2026,GET,https://mobiliario.app/_next/static/chunks/turbopack-0lkz~yqwzhdqv.js?dpl=dpl_5deoVL83kAtokHhbhKQfokyh43JH,200,OK,141,11421,,false,
839,Proxy,Wed Sep 30 16:49:22 BOT 2026,GET,https://mobiliario.app/_next/static/chunks/0nprg_.s4luox.js?dpl=dpl_5deoVL83kAtokHhbhKQfokyh43JH,200,OK,129,3715,,false,
840,Proxy,Wed Sep 30 16:49:22 BOT 2026,GET,https://mobiliario.app/_next/static/chunks/0o2fkeykpb~_~.js?dpl=dpl_5deoVL83kAtokHhbhKQfokyh43JH,200,OK,122,55098,,false,
841,Proxy,Wed Sep 30 16:49:23 BOT 2026,GET,https://mobiliario.app/_next/static/chunks/0giqu3b3gisx-.js?dpl=dpl_5deoVL83kAtokHhbhKQfokyh43JH,200,OK,127,39403,,false,
842,Proxy,Wed Sep 30 16:49:23 BOT 2026,GET,https://mobiliario.app/_next/static/chunks/0e~g5lihwm.jm.js?dpl=dpl_5deoVL83kAtokHhbhKQfokyh43JH,200,OK,165,40062,,false,
843,Proxy,Wed Sep 30 16:49:23 BOT 2026,GET,https://mobiliario.app/_next/static/chunks/15iw~hne76~j5.js?dpl=dpl_5deoVL83kAtokHhbhKQfokyh43JH,200,OK,135,39610,,false,
844,Proxy,Wed Sep 30 16:49:23 BOT 2026,GET,https://mobiliario.app/_next/static/chunks/02q19z6c~p7gs.js?dpl=dpl_5deoVL83kAtokHhbhKQfokyh43JH,200,OK,135,40439,,false,Hidden
845,Proxy,Wed Sep 30 16:49:23 BOT 2026,GET,https://mobiliario.app/_next/static/chunks/0oo0zi12bu0ba.js?dpl=dpl_5deoVL83kAtokHhbhKQfokyh43JH,200,OK,122,90467,,false,
846,Proxy,Wed Sep 30 16:49:23 BOT 2026,GET,https://mobiliario.app/_next/static/chunks/036ps75v.-3v~.js?dpl=dpl_5deoVL83kAtokHhbhKQfokyh43JH,200,OK,277,489809,,false,
847,Proxy,Wed Sep 30 16:49:23 BOT 2026,GET,https://mobiliario.app/_next/static/chunks/05.r09n6kw8ph.js?dpl=dpl_5deoVL83kAtokHhbhKQfokyh43JH,200,OK,236,106581,,false,
848,Proxy,Wed Sep 30 16:49:23 BOT 2026,GET,https://mobiliario.app/_next/static/chunks/16xm72vaqmhb2.js?dpl=dpl_5deoVL83kAtokHhbhKQfokyh43JH,200,OK,305,254903,,false,
849,Proxy,Wed Sep 30 16:49:23 BOT 2026,GET,https://mobiliario.app/_next/static/chunks/0bgtry4viyrqp.js?dpl=dpl_5deoVL83kAtokHhbhKQfokyh43JH,200,OK,271,15523,,false,
852,Proxy,Wed Sep 30 16:49:24 BOT 2026,GET,https://connect.facebook.net/en_US/fbevents.js,200,OK,90,428062,,false,Comment
853,Proxy,Wed Sep 30 16:49:24 BOT 2026,GET,https://mobiliario.app/_next/static/chunks/0ju3977qvk41k.js?dpl=dpl_5deoVL83kAtokHhbhKQfokyh43JH,200,OK,122,1178,,false,
857,Proxy,Wed Sep 30 16:49:24 BOT 2026,GET,https://mobiliario.app/eaf6e9b19037495e/script.js,200,OK,170,4469,,false,
858,Proxy,Wed Sep 30 16:49:24 BOT 2026,GET,https://mobiliario.app/_next/static/chunks/10z9fd-mraibm.css?dpl=dpl_5deoVL83kAtokHhbhKQfokyh43JH,200,OK,175,69807,,false,
861,Proxy,Wed Sep 30 16:49:24 BOT 2026,GET,https://www.googletagmanager.com/gtag/js?id=AW-18251526340,200,OK,493,486101,,false,
862,Proxy,Wed Sep 30 16:49:24 BOT 2026,GET,https://mobiliario.app/api/product-analytics/identity,200,OK,337,79,,false,JSON
863,Proxy,Wed Sep 30 16:49:24 BOT 2026,GET,https://mobiliario.app/043af6b2d27c525c/script.js,200,OK,155,12567,,false,
864,Proxy,Wed Sep 30 16:49:24 BOT 2026,GET,https://mobiliario.app/_next/static/chunks/172vodb3a57wf.js?dpl=dpl_5deoVL83kAtokHhbhKQfokyh43JH,200,OK,124,2548,,false,
865,Proxy,Wed Sep 30 16:49:24 BOT 2026,POST,https://www.google.com/rmkt/collect/18251526340/?random=1790801364915&cv=11&fst=1790801364915&fmt=8&bg=ffffff&guid=ON&async=1&en=gtag.config&gtm=45be69t1h2v9255936575za200zd9255936575xecxf1&gcd=13l3l3l3l1l1&dma=0&tag_exp=115938465~115938468~118897920~118897930~120213116~120385422~120469145~120469153&u_w=1360&u_h=768&url=https%3A%2F%2Fmobiliario.app%2Flistings%2Fcb1c451a-81b2-4046-9a50-7b5cbde39476&rcb=6&frm=0&tiba=Departamento%20en%20alquiler%20%E2%80%94%20%242.700%20%7C%20Mobiliario&hn=www.googleadservices.com&npa=0&pscdl=noapi&auid=545738914.1790801271&uaa=x86&uab=64&uafvl=Chromium%3B154.0.8037.58%7CGoogle%2520Chrome%3B154.0.8037.58%7CNot%2520A(Brand%3B99.0.0.0&uamb=0&uam=&uap=Windows&uapv=10.0.0&uaw=0&data=event%3Dgtag.config&ept=68&gcp=5,200,OK,56,0,,false,
866,Proxy,Wed Sep 30 16:49:24 BOT 2026,POST,https://www.google.com/ccm/collect?rcb=6&frm=0&apvc=1&auid=545738914.1790801271&dt=Departamento%20en%20alquiler%20%E2%80%94%20%242.700%20%7C%20Mobiliario&tid=AW-18251526340&en=page_view&dl=https%3A%2F%2Fmobiliario.app%2Flistings%2Fcb1c451a-81b2-4046-9a50-7b5cbde39476&scrsrc=www.googletagmanager.com&rnd=509579984.1790801365&navt=n&npa=0&gtm=45be69t1h2v9255936575za200zd9255936575xecxf1&gcd=13l3l3l3l1l1&dma=0&tag_exp=115938465~115938468~118897920~118897930~120213116~120385422~120469145~120469153&tft=1790801364956&tfd=3642&tids=AW-18251526340&fmt=8,200,OK,54,0,,false,
868,Proxy,Wed Sep 30 16:49:24 BOT 2026,GET,https://mobiliario.app/_next/static/chunks/08bojd~u.tk2l.js?dpl=dpl_5deoVL83kAtokHhbhKQfokyh43JH,200,OK,408,79405,,false,
869,Proxy,Wed Sep 30 16:49:24 BOT 2026,GET,https://mobiliario.app/api/product-analytics/identity,200,OK,312,79,,false,JSON
870,Proxy,Wed Sep 30 16:49:24 BOT 2026,GET,https://mobiliario.app/_next/static/chunks/0ls66z9hfjk5d.js?dpl=dpl_5deoVL83kAtokHhbhKQfokyh43JH,200,OK,576,1032462,,false,
872,Proxy,Wed Sep 30 16:49:24 BOT 2026,POST,https://mobiliario.app/api/listing-events,200,OK,958,36,,false,JSON
873,Proxy,Wed Sep 30 16:49:25 BOT 2026,GET,https://connect.facebook.net/signals/config/1327925812629125?v=2.9.412&r=stable&domain=mobiliario.app&hme=a4c28c8787325ac3f8f9eac68364f47df2a8c4266e43177443e5d7f6289c9774&ex_m=117%2C240%2C170%2C27%2C81%2C82%2C161%2C77%2C76%2C11%2C180%2C101%2C20%2C152%2C140%2C46%2C84%2C89%2C148%2C175%2C182%2C8%2C4%2C5%2C7%2C6%2C3%2C102%2C114%2C32%2C17%2C31%2C18%2C33%2C34%2C35%2C37%2C55%2C162%2C86%2C125%2C22%2C24%2C51%2C47%2C49%2C48%2C94%2C103%2C107%2C123%2C159%2C163%2C53%2C124%2C29%2C26%2C132%2C78%2C43%2C165%2C164%2C166%2C156%2C154%2C30%2C42%2C66%2C122%2C177%2C79%2C21%2C127%2C92%2C75%2C23%2C96%2C97%2C129%2C95%2C150%2C149%2C153%2C108%2C176%2C179%2C41%2C56%2C126%2C54%2C160%2C184%2C109%2C183%2C209%2C254%2C83%2C273%2C272%2C271%2C14%2C25%2C28%2C40%2C62%2C116%2C68%2C10%2C72%2C110%2C111%2C112%2C118%2C143%2C38%2C36%2C145%2C146%2C147%2C142%2C141%2C171%2C85%2C174%2C172%2C173%2C57%2C67%2C136%2C19%2C178%2C52%2C322%2C323%2C324%2C321%2C337%2C359%2C247%2C236%2C69%2C237%2C235%2C362%2C353%2C59%2C248%2C120%2C144%2C91%2C134%2C61%2C133%2C139%2C138%2C65%2C73%2C71%2C167%2C87%2C88%2C128%2C44%2C39%2C60%2C63%2C113%2C181%2C1%2C137%2C16%2C135%2C12%2C2%2C64%2C104%2C15%2C74%2C70%2C131%2C100%2C99%2C186%2C187%2C105%2C106%2C9%2C115%2C185%2C58%2C157%2C98%2C90%2C80%2C130%2C119%2C168%2C50%2C158%2C0%2C93%2C151%2C155%2C169%2C45%2C121%2C13%2C188,200,OK,52,131387,,false,Comment
874,Proxy,Wed Sep 30 16:49:25 BOT 2026,GET,https://mobiliario.app/?_rsc=bDcBQciSTuHTFa-r,200,OK,305,157,,false,
875,Proxy,Wed Sep 30 16:49:25 BOT 2026,GET,https://mobiliario.app/alquiler/departamentos/santa-cruz?_rsc=bDcBQciSTuHTFa-r,200,OK,315,359,,false,
876,Proxy,Wed Sep 30 16:49:25 BOT 2026,GET,https://www.facebook.com/tr/?id=1327925812629125&ev=PageView&dl=https%3A%2F%2Fmobiliario.app&rl=&if=false&ts=1790801365588&iw=false&sw=1360&sh=768&v=2.9.412&r=stable&ec=0&o=4124&aems=0%3B0&fbp=fb.1.1790801271289.779045132726878463&pm=1&hrl=89b05b&ler=empty&cdl=API_unavailable&plt=1442.4000000357628&ups%5Bpv%5D=%7B%7D&ups%5Brpv%5D=%7B%7D&it=1790801364586&coo=false&cs_cc=1&dlc=1&expv2%5B0%5D=pl1&expv2%5B1%5D=el2&expv2%5B2%5D=bc1&expv2%5B3%5D=ra0&expv2%5B4%5D=rp0&expv2%5B5%5D=im0&expv2%5B6%5D=hf1&expv2%5B7%5D=sd1&expv2%5B8%5D=sp1&expv2%5B9%5D=ek1&expv2%5B10%5D=pc1&expv2%5B11%5D=gs1&expv2%5B12%5D=zs1&expv2%5B13%5D=cp1&expv2%5B14%5D=es1&expv2%5B15%5D=ac1&expv2%5B16%5D=so1&expv2%5B17%5D=wc1&expv2%5B18%5D=la1&expv2%5B19%5D=sf1&expv2%5B20%5D=da1&expv2%5B21%5D=io1&expv2%5B22%5D=ae1&expv2%5B23%5D=sx1&expv2%5B24%5D=if1&expv2%5B25%5D=fd1&expv2%5B26%5D=bg1&expv2%5B27%5D=mg1&expv2%5B28%5D=kl1&expv2%5B29%5D=sg1&expv2%5B30%5D=mk1&expv2%5B31%5D=sn1&expv2%5B32%5D=ec1&expv2%5B33%5D=mp1&expv2%5B34%5D=ps1&expv2%5B35%5D=fx1&expv2%5B36%5D=vt1&expv2%5B37%5D=dp1&expv2%5B38%5D=fw1&expv2%5B39%5D=cn1&expv2%5B40%5D=tz1&expv2%5B41%5D=pe1&expv2%5B42%5D=ee1&expv2%5B43%5D=bu1&expv2%5B44%5D=ta1&expv2%5B45%5D=ot1&expv2%5B46%5D=hv1&expv2%5B47%5D=ep1&rqm=GET,200,OK,45,0,,false,
877,Proxy,Wed Sep 30 16:49:25 BOT 2026,GET,https://mobiliario.app/landing?_rsc=bDcBQciSTuHTFa-r,200,OK,310,238,,false,
878,Proxy,Wed Sep 30 16:49:25 BOT 2026,GET,https://mobiliario.app/ingest/array/phc_zT28iR4dvnXgMsW5Yy7SpbLALoTTmu5ALGMuYHsxS9pM/config.js,200,OK,189,1194,,false,
879,Proxy,Wed Sep 30 16:49:25 BOT 2026,GET,https://www.facebook.com/tr/?id=1327925812629125&ev=ViewContent&dl=https%3A%2F%2Fmobiliario.app&rl=&if=false&ts=1790801365595&iw=false&cd%5Bcontent_ids%5D=%5B%22cb1c451a-81b2-4046-9a50-7b5cbde39476%22%5D&cd%5Bcontent_type%5D=product&sw=1360&sh=768&v=2.9.412&r=stable&ec=1&o=4124&aems=0%3B0&fbp=fb.1.1790801271289.779045132726878463&pm=1&hrl=cb377d&ler=empty&cdl=API_unavailable&plt=1442.4000000357628&ups%5Bpv%5D=%7B%7D&ups%5Brpv%5D=%7B%7D&it=1790801364586&coo=false&eid=091ac154-d8be-41b2-b487-5497e8e39913&cs_cc=1&dlc=1&expv2%5B0%5D=pl1&expv2%5B1%5D=el2&expv2%5B2%5D=bc1&expv2%5B3%5D=ra0&expv2%5B4%5D=rp0&expv2%5B5%5D=im0&expv2%5B6%5D=hf1&expv2%5B7%5D=sd1&expv2%5B8%5D=sp1&expv2%5B9%5D=ek1&expv2%5B10%5D=pc1&expv2%5B11%5D=gs1&expv2%5B12%5D=zs1&expv2%5B13%5D=cp1&expv2%5B14%5D=es1&expv2%5B15%5D=ac1&expv2%5B16%5D=so1&expv2%5B17%5D=wc1&expv2%5B18%5D=la1&expv2%5B19%5D=sf1&expv2%5B20%5D=da1&expv2%5B21%5D=io1&expv2%5B22%5D=ae1&expv2%5B23%5D=sx1&expv2%5B24%5D=if1&expv2%5B25%5D=fd1&expv2%5B26%5D=bg1&expv2%5B27%5D=mg1&expv2%5B28%5D=kl1&expv2%5B29%5D=sg1&expv2%5B30%5D=mk1&expv2%5B31%5D=sn1&expv2%5B32%5D=ec1&expv2%5B33%5D=mp1&expv2%5B34%5D=ps1&expv2%5B35%5D=fx1&expv2%5B36%5D=vt1&expv2%5B37%5D=dp1&expv2%5B38%5D=fw1&expv2%5B39%5D=cn1&expv2%5B40%5D=tz1&expv2%5B41%5D=pe1&expv2%5B42%5D=ee1&expv2%5B43%5D=bu1&expv2%5B44%5D=ta1&expv2%5B45%5D=ot1&expv2%5B46%5D=hv1&expv2%5B47%5D=ep1&rqm=GET,200,OK,122,0,Low,false,SetCookie
880,Proxy,Wed Sep 30 16:49:25 BOT 2026,GET,https://mobiliario.app/welcome?_rsc=bDcBQciSTuHTFa-r,200,OK,534,238,,false,
881,Proxy,Wed Sep 30 16:49:25 BOT 2026,GET,https://cdn.mobiliario.app/maps/bolivia-20260716.pmtiles,206,Partial Content,307,16384,,false,
882,Proxy,Wed Sep 30 16:49:25 BOT 2026,GET,https://googleads.g.doubleclick.net/pagead/viewthroughconversion/18251526340/?random=1790801364915&cv=11&fst=1790801364915&bg=ffffff&guid=ON&async=1&en=gtag.config&gtm=45be69t1h2v9255936575za200zd9255936575xecxf1&gcd=13l3l3l3l1l1&dma=0&tag_exp=115938465~115938468~118897920~118897930~120213116~120385422~120469145~120469153&u_w=1360&u_h=768&url=https%3A%2F%2Fmobiliario.app%2Flistings%2Fcb1c451a-81b2-4046-9a50-7b5cbde39476&rcb=6&frm=0&tiba=Departamento%20en%20alquiler%20%E2%80%94%20%242.700%20%7C%20Mobiliario&hn=www.googleadservices.com&npa=0&pscdl=noapi&auid=545738914.1790801271&uaa=x86&uab=64&uafvl=Chromium%3B154.0.8037.58%7CGoogle%2520Chrome%3B154.0.8037.58%7CNot%2520A(Brand%3B99.0.0.0&uamb=0&uam=&uap=Windows&uapv=10.0.0&uaw=0&data=event%3Dgtag.config&ept=9&rfmt=3&fmt=4,200,OK,380,6610,,false,Comment
883,Proxy,Wed Sep 30 16:49:25 BOT 2026,GET,https://mobiliario.app/ingest/static/1.417.1/posthog-recorder.js,200,OK,471,187064,,false,Comment
884,Proxy,Wed Sep 30 16:49:25 BOT 2026,GET,https://mobiliario.app/?_rsc=U2A911bnnR3cX6a2,200,OK,557,2807,,false,
885,Proxy,Wed Sep 30 16:49:25 BOT 2026,GET,https://mobiliario.app/alquiler/departamentos/santa-cruz?_rsc=BJKHINA4CdBSZK_Z,200,OK,600,4781,,false,
886,Proxy,Wed Sep 30 16:49:25 BOT 2026,GET,https://mobiliario.app/landing?_rsc=m1KoiJWYgfig-vAd,200,OK,561,5005,,false,
887,Proxy,Wed Sep 30 16:49:25 BOT 2026,GET,https://mobiliario.app/welcome?_rsc=HcG6-mRQBBTvvXEu,200,OK,550,4876,,false,
888,Proxy,Wed Sep 30 16:49:26 BOT 2026,GET,https://cdn.mobiliario.app/maps/bolivia-20260716.pmtiles,206,Partial Content,362,16384,,false,
892,Proxy,Wed Sep 30 16:49:26 BOT 2026,GET,https://cdn.mobiliario.app/maps/assets/sprites/v4/light.json,200,OK,294,3549,,false,
893,Proxy,Wed Sep 30 16:49:27 BOT 2026,GET,https://cdn.mobiliario.app/maps/bolivia-20260716.pmtiles,206,Partial Content,291,7604,,false,
894,Proxy,Wed Sep 30 16:49:27 BOT 2026,GET,https://cdn.mobiliario.app/maps/bolivia-20260716.pmtiles,206,Partial Content,299,10662,,false,
895,Proxy,Wed Sep 30 16:49:27 BOT 2026,GET,https://cdn.mobiliario.app/maps/bolivia-20260716.pmtiles,206,Partial Content,322,16405,,false,
896,Proxy,Wed Sep 30 16:49:27 BOT 2026,GET,https://cdn.mobiliario.app/maps/bolivia-20260716.pmtiles,206,Partial Content,343,7178,,false,
897,Proxy,Wed Sep 30 16:49:27 BOT 2026,GET,https://cdn.mobiliario.app/maps/bolivia-20260716.pmtiles,206,Partial Content,363,32767,,false,
898,Proxy,Wed Sep 30 16:49:28 BOT 2026,GET,https://cdn.mobiliario.app/maps/assets/fonts/Noto%20Sans%20Regular/0-255.pbf,200,OK,352,76044,,false,Comment
899,Proxy,Wed Sep 30 16:49:28 BOT 2026,GET,https://cdn.mobiliario.app/maps/assets/fonts/Noto%20Sans%20Italic/0-255.pbf,200,OK,326,79344,,false,
900,Proxy,Wed Sep 30 16:49:44 BOT 2026,GET,https://mobiliario.app/sign-in?next=%2Flistings%2Fcb1c451a-81b2-4046-9a50-7b5cbde39476%3Fcontact%3Dwhatsapp&_rsc=bDcBQciSTuHTFa-r,200,OK,561,259,,false,
901,Proxy,Wed Sep 30 16:49:44 BOT 2026,GET,https://mobiliario.app/sign-in?next=%2Flistings%2Fcb1c451a-81b2-4046-9a50-7b5cbde39476&_rsc=bDcBQciSTuHTFa-r,200,OK,535,238,,false,
902,Proxy,Wed Sep 30 16:49:44 BOT 2026,GET,https://mobiliario.app/listings?transaction_type=rent&property_category=apartment&city=santa-cruz&view=map&north=-17.7860&south=-17.8130&east=-63.1986&west=-63.2269&_rsc=bDcBQciSTuHTFa-r,308,Permanent Redirect,452,15,,false,
903,Proxy,Wed Sep 30 16:49:44 BOT 2026,GET,https://mobiliario.app/alquiler/departamentos/santa-cruz/las-palmas?_rsc=bDcBQciSTuHTFa-r,200,OK,561,409,,false,
905,Proxy,Wed Sep 30 16:49:45 BOT 2026,GET,https://mobiliario.app/sign-in?next=%2Flistings%2Fcb1c451a-81b2-4046-9a50-7b5cbde39476%3Fcontact%3Dwhatsapp&_rsc=U2A911bnnR3cX6a2,200,OK,547,2918,,false,
906,Proxy,Wed Sep 30 16:49:45 BOT 2026,GET,https://mobiliario.app/sign-in?next=%2Flistings%2Fcb1c451a-81b2-4046-9a50-7b5cbde39476&_rsc=U2A911bnnR3cX6a2,200,OK,538,2880,,false,
907,Proxy,Wed Sep 30 16:49:45 BOT 2026,GET,https://mobiliario.app/privacy/preferencias?_rsc=bDcBQciSTuHTFa-r,200,OK,541,212,,false,
908,Proxy,Wed Sep 30 16:49:45 BOT 2026,GET,https://mobiliario.app/?transaction_type=rent&property_category=apartment&city=santa-cruz&view=map&north=-17.7860&south=-17.8130&east=-63.1986&west=-63.2269,200,OK,668,290,,false,
909,Proxy,Wed Sep 30 16:49:45 BOT 2026,GET,https://mobiliario.app/privacy?_rsc=bDcBQciSTuHTFa-r,200,OK,569,182,,false,
910,Proxy,Wed Sep 30 16:49:45 BOT 2026,GET,https://mobiliario.app/terms?_rsc=bDcBQciSTuHTFa-r,200,OK,534,180,,false,
911,Proxy,Wed Sep 30 16:49:46 BOT 2026,GET,https://mobiliario.app/descargar?_rsc=bDcBQciSTuHTFa-r,200,OK,562,240,,false,
912,Proxy,Wed Sep 30 16:49:46 BOT 2026,GET,https://mobiliario.app/ayuda?_rsc=bDcBQciSTuHTFa-r,200,OK,578,180,,false,
913,Proxy,Wed Sep 30 16:49:46 BOT 2026,GET,https://mobiliario.app/privacy?_rsc=U2A911bnnR3cX6a2,200,OK,535,2887,,false,
914,Proxy,Wed Sep 30 16:49:46 BOT 2026,GET,https://mobiliario.app/privacy/preferencias?_rsc=U2A911bnnR3cX6a2,200,OK,575,2957,,false,
915,Proxy,Wed Sep 30 16:49:46 BOT 2026,GET,https://mobiliario.app/descargar?_rsc=sZBZ6OGBqp9AglY_,200,OK,521,5245,,false,
916,Proxy,Wed Sep 30 16:49:46 BOT 2026,GET,https://mobiliario.app/terms?_rsc=U2A911bnnR3cX6a2,200,OK,549,2846,,false,
917,Proxy,Wed Sep 30 16:49:46 BOT 2026,GET,https://mobiliario.app/ayuda?_rsc=U2A911bnnR3cX6a2,200,OK,527,2590,,false,
918,Proxy,Wed Sep 30 16:49:47 BOT 2026,GET,https://mobiliario.app/sign-in?_rsc=bDcBQciSTuHTFa-r,200,OK,517,182,,false,
919,Proxy,Wed Sep 30 16:49:47 BOT 2026,GET,https://mobiliario.app/?transaction_type=rent&property_category=apartment&city=santa-cruz&view=map&north=-17.7860&south=-17.8130&east=-63.1986&west=-63.2269&_rsc=U2A911bnnR3cX6a2,200,OK,537,3139,,false,
920,Proxy,Wed Sep 30 16:49:47 BOT 2026,GET,https://mobiliario.app/listings?_rsc=bDcBQciSTuHTFa-r,308,Permanent Redirect,394,15,,false,
921,Proxy,Wed Sep 30 16:49:47 BOT 2026,POST,https://update.googleapis.com/service/update2/json,200,OK,361,252,,false,JSON
922,Proxy,Wed Sep 30 16:49:47 BOT 2026,GET,https://mobiliario.app/,200,OK,537,157,Informational,false,
923,Proxy,Wed Sep 30 16:49:46 BOT 2026,GET,https://mobiliario.app/alquiler/departamentos/santa-cruz/las-palmas?_rsc=U2A911bnnR3cX6a2,200,OK,1589,2819,,false,
924,Proxy,Wed Sep 30 16:49:51 BOT 2026,GET,https://c21.com.bo/propiedad/122586_departamento-en-alquiler,200,OK,1424,25001,Medium,false,"Script, SetCookie, Comment"
927,Proxy,Wed Sep 30 16:49:53 BOT 2026,GET,https://static.cloudflareinsights.com/beacon.min.js/v31edd6df95cf4e85bb4c19e7a9bdbcba1788362987495,200,OK,403,30294,Medium,false,
930,Proxy,Wed Sep 30 16:49:52 BOT 2026,GET,https://www.googletagmanager.com/gtag/js?id=AW-10945565872,200,OK,516,430782,,false,Comment
931,Proxy,Wed Sep 30 16:49:53 BOT 2026,GET,https://c21.com.bo/build/runtime.0efd1b48.js,200,OK,494,2328,Low,false,
933,Proxy,Wed Sep 30 16:49:53 BOT 2026,GET,https://c21.com.bo/build/viviendi_detallePropiedad2.fc0ccef8.css,200,OK,501,34034,Low,false,Comment
934,Proxy,Wed Sep 30 16:49:53 BOT 2026,GET,https://www.googletagmanager.com/gtag/js?id=G-CKSSFE27PG,200,OK,515,563639,,false,Comment
935,Proxy,Wed Sep 30 16:49:53 BOT 2026,POST,https://www.google.com/rmkt/collect/10945565872/?random=1790801393626&cv=11&fst=1790801393626&fmt=8&bg=ffffff&guid=ON&async=1&en=gtag.config&gtm=45be69t0z8f_AW-10945565872za208xecxf1&gcd=13l3l3l3l1l1&dma=0&tag_exp=115938466~115938469~118897920~118897930~120385423~120469145~120469153~121280971&u_w=1360&u_h=768&url=https%3A%2F%2Fc21.com.bo%2Fpropiedad%2F122586_departamento-en-alquiler&rcb=11&frm=0&tiba=Alquiler%20de%20Departamento%20en%20Oeste%2C%20Santa%20Cruz%20%7C%20ID%3A%20122586&hn=www.googleadservices.com&npa=0&pscdl=noapi&auid=95620646.1790801394&uaa=x86&uab=64&uafvl=Chromium%3B154.0.8037.58%7CGoogle%2520Chrome%3B154.0.8037.58%7CNot%2520A(Brand%3B99.0.0.0&uamb=0&uam=&uap=Windows&uapv=10.0.0&uaw=0&data=event%3Dgtag.config&ept=68&gcp=5,200,OK,54,0,,false,
937,Proxy,Wed Sep 30 16:49:52 BOT 2026,GET,https://c21.com.bo/build/app.21df1184.css,200,OK,764,145885,Low,false,Comment
938,Proxy,Wed Sep 30 16:49:53 BOT 2026,GET,https://c21.com.bo/build/6841.27e08fab.css,200,OK,751,223152,Low,false,"Upload, Comment"
939,Proxy,Wed Sep 30 16:49:53 BOT 2026,POST,https://www.google.com/ccm/collect?rcb=11&frm=0&apvc=1&auid=95620646.1790801394&dt=Alquiler%20de%20Departamento%20en%20Oeste%2C%20Santa%20Cruz%20%7C%20ID%3A%20122586&tid=AW-10945565872&en=page_view&dl=https%3A%2F%2Fc21.com.bo%2Fpropiedad%2F122586_departamento-en-alquiler&scrsrc=www.googletagmanager.com&rnd=1148024165.1790801394&navt=n&npa=0&gtm=45be69t0z8f_AW-10945565872za208xecxf1&gcd=13l3l3l3l1l1&dma=0&tag_exp=115938466~115938469~118897920~118897930~120385423~120469145~120469153~121280971&tft=1790801393669&tfd=2251&tids=AW-10945565872&fmt=8,200,OK,70,0,,false,
940,Proxy,Wed Sep 30 16:49:53 BOT 2026,POST,https://ad.doubleclick.net/ccm/s/collect?auid=95620646.1790801394&gtm=45be69t0z8f_AW-10945565872za208xecxf1&fmt=8,204,No Content,130,0,,false,
941,Proxy,Wed Sep 30 16:49:52 BOT 2026,GET,https://c21.com.bo/build/601.428c5133.css,200,OK,961,555780,,false,
948,Proxy,Wed Sep 30 16:49:54 BOT 2026,POST,https://analytics.google.com/g/collect?v=2&tid=G-CKSSFE27PG&gtm=45je69t0v890265362za208xf1&_p=1790801392948&_gaz=1&gcd=13l3l3l3l1l1&npa=0&dma=0&_eu=AAAAACAC&cid=961736054.1790801394&frm=0&ibt=1&ngs=1&pscdl=noapi&rcb=4&sr=1360x768&uaa=x86&uab=64&uafvl=Chromium%3B154.0.8037.58%7CGoogle%2520Chrome%3B154.0.8037.58%7CNot%2520A(Brand%3B99.0.0.0&uam=&uamb=0&uap=Windows&uapv=10.0.0&uaw=0&ul=en-us&_s=1&tag_exp=115616986~115938466~115938469~118897920~118897930~120213116~120385422~120469145~120469153~121280971&sid=1790801393&sct=1&seg=0&dl=https%3A%2F%2Fc21.com.bo%2Fpropiedad%2F122586_departamento-en-alquiler&dt=Alquiler%20de%20Departamento%20en%20Oeste%2C%20Santa%20Cruz%20%7C%20ID%3A%20122586&en=page_view&_fv=1&_nsi=1&_ss=1&_ee=1&tfd=2400,204,No Content,158,0,Medium,false,
951,Proxy,Wed Sep 30 16:49:53 BOT 2026,GET,https://c21.com.bo/build/1576.489f0fc3.js,200,OK,495,24690,,false,
952,Proxy,Wed Sep 30 16:49:54 BOT 2026,GET,https://c21.com.bo/build/fonts/fa-brands-400.75881716.woff2,200,OK,539,118976,Medium,false,Comment
954,Proxy,Wed Sep 30 16:49:54 BOT 2026,GET,https://c21.com.bo/build/8986.c79324bd.js,200,OK,550,61560,,false,Comment
955,Proxy,Wed Sep 30 16:49:54 BOT 2026,GET,https://c21.com.bo/build/961.8b099f99.js,200,OK,338,139275,,false,
956,Proxy,Wed Sep 30 16:49:54 BOT 2026,GET,https://c21.com.bo/build/2726.8b84b9dc.js,200,OK,654,101855,,false,"Form, Script"
957,Proxy,Wed Sep 30 16:49:54 BOT 2026,GET,https://c21.com.bo/build/6518.e547a919.js,200,OK,498,12443,,false,
958,Proxy,Wed Sep 30 16:49:54 BOT 2026,GET,https://c21.com.bo/build/2454.1fa5bead.js,200,OK,489,6069,,false,
959,Proxy,Wed Sep 30 16:49:54 BOT 2026,GET,https://c21.com.bo/build/viviendi_baseC21-bs-global.a261ea25.js,200,OK,499,260,,false,
960,Proxy,Wed Sep 30 16:49:55 BOT 2026,GET,https://connect.facebook.net/en_US/fbevents.js,200,OK,55,428062,,false,
961,Proxy,Wed Sep 30 16:49:54 BOT 2026,GET,https://c21.com.bo/build/3740.16075b1f.js,200,OK,525,49268,High,false,Comment
962,Proxy,Wed Sep 30 16:49:54 BOT 2026,GET,https://c21.com.bo/build/7232.4e84abb0.js,200,OK,504,17804,,false,
963,Proxy,Wed Sep 30 16:49:54 BOT 2026,GET,https://c21.com.bo/build/9691.d8a1bb07.js,200,OK,495,8149,,false,
964,Proxy,Wed Sep 30 16:49:55 BOT 2026,GET,https://c21.com.bo/build/8473.5f24eca8.js,200,OK,529,61996,,false,
965,Proxy,Wed Sep 30 16:49:55 BOT 2026,GET,https://c21.com.bo/build/2884.42855677.js,200,OK,626,78693,,false,"Script, Comment"
966,Proxy,Wed Sep 30 16:49:55 BOT 2026,GET,https://snap.licdn.com/li.lms-analytics/insight.min.js,200,OK,489,3327,,false,
969,Proxy,Wed Sep 30 16:49:55 BOT 2026,GET,https://c21.com.bo/build/3481.d478f921.js,200,OK,681,149163,,false,Comment
970,Proxy,Wed Sep 30 16:49:55 BOT 2026,GET,https://googleads.g.doubleclick.net/pagead/viewthroughconversion/10945565872/?random=1790801393626&cv=11&fst=1790801393626&bg=ffffff&guid=ON&async=1&en=gtag.config&gtm=45be69t0z8f_AW-10945565872za208xecxf1&gcd=13l3l3l3l1l1&dma=0&tag_exp=115938466~115938469~118897920~118897930~120385423~120469145~120469153~121280971&u_w=1360&u_h=768&url=https%3A%2F%2Fc21.com.bo%2Fpropiedad%2F122586_departamento-en-alquiler&rcb=11&frm=0&tiba=Alquiler%20de%20Departamento%20en%20Oeste%2C%20Santa%20Cruz%20%7C%20ID%3A%20122586&hn=www.googleadservices.com&npa=0&pscdl=noapi&auid=95620646.1790801394&uaa=x86&uab=64&uafvl=Chromium%3B154.0.8037.58%7CGoogle%2520Chrome%3B154.0.8037.58%7CNot%2520A(Brand%3B99.0.0.0&uamb=0&uam=&uap=Windows&uapv=10.0.0&uaw=0&data=event%3Dgtag.config&ept=9&rfmt=3&fmt=4,200,OK,383,6604,,false,
972,Proxy,Wed Sep 30 16:49:55 BOT 2026,GET,https://c21.com.bo/build/9902.79657b29.js,200,OK,538,39616,,false,
973,Proxy,Wed Sep 30 16:49:55 BOT 2026,GET,https://c21.com.bo/build/7893.26c50f0d.js,200,OK,477,13652,,false,
976,Proxy,Wed Sep 30 16:49:55 BOT 2026,GET,https://c21.com.bo/build/4900.3ad647c3.js,200,OK,659,120598,,false,
977,Proxy,Wed Sep 30 16:49:55 BOT 2026,GET,https://c21.com.bo/build/1494.b4f38cbb.js,200,OK,499,11525,,false,
978,Proxy,Wed Sep 30 16:49:55 BOT 2026,GET,https://www.googletagmanager.com/gtag/js?id=G-CKSSFE27PG&cx=c&gtm=4e69t0,200,OK,507,563650,,false,
979,Proxy,Wed Sep 30 16:49:55 BOT 2026,GET,https://c21.com.bo/build/2247.14c9135c.js,200,OK,592,70780,,false,
980,Proxy,Wed Sep 30 16:49:55 BOT 2026,GET,https://c21.com.bo/build/viviendi_detallePropiedad2.2a5b43c3.js,200,OK,547,53317,,false,
981,Proxy,Wed Sep 30 16:49:55 BOT 2026,GET,https://c21.com.bo/build/4237.4f5e4478.js,200,OK,773,199831,,false,Comment
985,Proxy,Wed Sep 30 16:49:56 BOT 2026,GET,https://c21.com.bo/build/app.541b5881.js,200,OK,520,9048,,false,
987,Proxy,Wed Sep 30 16:49:56 BOT 2026,GET,https://connect.facebook.net/signals/config/428777702462386?v=2.9.412&r=stable&domain=c21.com.bo&hme=a4c28c8787325ac3f8f9eac68364f47df2a8c4266e43177443e5d7f6289c9774&ex_m=117%2C240%2C170%2C27%2C81%2C82%2C161%2C77%2C76%2C11%2C180%2C101%2C20%2C152%2C140%2C46%2C84%2C89%2C148%2C175%2C182%2C8%2C4%2C5%2C7%2C6%2C3%2C102%2C114%2C32%2C17%2C31%2C18%2C33%2C34%2C35%2C37%2C55%2C162%2C86%2C125%2C22%2C24%2C51%2C47%2C49%2C48%2C94%2C103%2C107%2C123%2C159%2C163%2C53%2C124%2C29%2C26%2C132%2C78%2C43%2C165%2C164%2C166%2C156%2C154%2C30%2C42%2C66%2C122%2C177%2C79%2C21%2C127%2C92%2C75%2C23%2C96%2C97%2C129%2C95%2C150%2C149%2C153%2C108%2C176%2C179%2C41%2C56%2C126%2C54%2C160%2C184%2C109%2C183%2C209%2C254%2C83%2C273%2C272%2C271%2C14%2C25%2C28%2C40%2C62%2C116%2C68%2C10%2C72%2C110%2C111%2C112%2C118%2C143%2C38%2C36%2C145%2C146%2C147%2C142%2C141%2C171%2C85%2C174%2C172%2C173%2C57%2C67%2C136%2C19%2C178%2C52%2C322%2C323%2C324%2C321%2C337%2C359%2C247%2C236%2C69%2C237%2C235%2C362%2C353%2C59%2C248%2C120%2C144%2C91%2C134%2C61%2C133%2C139%2C138%2C65%2C73%2C71%2C167%2C87%2C88%2C128%2C44%2C39%2C60%2C63%2C113%2C181%2C1%2C137%2C16%2C135%2C12%2C2%2C64%2C104%2C15%2C74%2C70%2C131%2C100%2C99%2C186%2C187%2C105%2C106%2C9%2C115%2C185%2C58%2C157%2C98%2C90%2C80%2C130%2C119%2C168%2C50%2C158%2C0%2C93%2C151%2C155%2C169%2C45%2C121%2C13%2C188,200,OK,579,374229,Informational,false,Comment
988,Proxy,Wed Sep 30 16:49:56 BOT 2026,GET,https://snap.licdn.com/li.lms-analytics/insight.beta.min.js,200,OK,416,62274,Medium,false,Comment
989,Proxy,Wed Sep 30 16:49:56 BOT 2026,GET,https://c21.com.bo/build/6256.cdaf7a0d.js,200,OK,657,83226,,false,"Hidden, Comment"
990,Proxy,Wed Sep 30 16:49:56 BOT 2026,GET,https://www.facebook.com/tr/?id=428777702462386&ev=PageView&dl=https%3A%2F%2Fc21.com.bo%2Fpropiedad%2F122586_departamento-en-alquiler&rl=&if=false&ts=1790801396832&iw=false&sw=1360&sh=768&v=2.9.412&r=stable&ec=0&o=4126&aems=0%3B0&fbp=fb.2.1790801396816.78953563587405567&ler=empty&cdl=API_unavailable&pmd%5Btitle%5D=Alquiler%20de%20Departamento%20en%20Oeste%2C%20Santa%20Cruz%20%7C%20ID%3A%20122586&pmd%5Blocale%5D=es&iss=1&imft=1&tz=-240&it=1790801395275&coo=false&expv2%5B0%5D=pl1&expv2%5B1%5D=el3&expv2%5B2%5D=bc1&expv2%5B3%5D=ra2&expv2%5B4%5D=rp2&expv2%5B5%5D=ct3&expv2%5B6%5D=hf0&expv2%5B7%5D=pt0&expv2%5B8%5D=sd1&expv2%5B9%5D=sp1&expv2%5B10%5D=ek1&expv2%5B11%5D=pc1&expv2%5B12%5D=gs1&expv2%5B13%5D=zs1&expv2%5B14%5D=cp1&expv2%5B15%5D=es1&expv2%5B16%5D=ac1&expv2%5B17%5D=so1&expv2%5B18%5D=wc1&expv2%5B19%5D=la1&expv2%5B20%5D=sf1&expv2%5B21%5D=da1&expv2%5B22%5D=io1&expv2%5B23%5D=ae1&expv2%5B24%5D=sx1&expv2%5B25%5D=if1&expv2%5B26%5D=fd1&expv2%5B27%5D=bg1&expv2%5B28%5D=mg1&expv2%5B29%5D=kl1&expv2%5B30%5D=sg1&expv2%5B31%5D=mk1&expv2%5B32%5D=sn1&expv2%5B33%5D=ec1&expv2%5B34%5D=mp1&expv2%5B35%5D=ps1&expv2%5B36%5D=fx1&expv2%5B37%5D=vt1&expv2%5B38%5D=dp1&expv2%5B39%5D=fw1&expv2%5B40%5D=cn1&expv2%5B41%5D=tz1&expv2%5B42%5D=pe1&expv2%5B43%5D=ee1&expv2%5B44%5D=bu1&expv2%5B45%5D=ta1&expv2%5B46%5D=mt0&expv2%5B47%5D=ot1&expv2%5B48%5D=hv1&expv2%5B49%5D=ep1&rqm=GET,200,OK,46,0,,false,
991,Proxy,Wed Sep 30 16:49:56 BOT 2026,GET,https://c21.com.bo/fonts/Typold-Regular.woff2,200,OK,409,54744,Medium,false,Comment
993,Proxy,Wed Sep 30 16:49:56 BOT 2026,POST,https://stats.g.doubleclick.net/g/collect?v=2&ngs=1&ibt=1&tid=G-CKSSFE27PG&cid=961736054.1790801394&gtm=45je69t0v890265362za208xf1&rcb=4&aip=1&dma=0&gcd=13l3l3l3l1l1&npa=0&frm=0&tag_exp=115616986~115938466~115938469~118897920~118897930~120213116~120385422~120469145~120469153~121280971,204,No Content,145,0,Low,false,
996,Proxy,Wed Sep 30 16:49:56 BOT 2026,GET,https://c21.com.bo/fonts/BarlowSemiCondensed-Medium.woff2,200,OK,398,39640,Medium,false,
997,Proxy,Wed Sep 30 16:49:56 BOT 2026,GET,https://c21.com.bo/fonts/TypoldCondensed-Bold.woff2,200,OK,390,54556,Medium,false,
998,Proxy,Wed Sep 30 16:49:57 BOT 2026,GET,https://px.ads.linkedin.com/collect?v=2&fmt=js&pid=4228410&time=1790801396855&li_adsId=59714188-2ea2-4bf7-afd1-2ba67e33b1a5&pageLoadId=7266a514-a98a-4e85-a93e-f1f5bba01151&url=https%3A%2F%2Fc21.com.bo%2Fpropiedad%2F122586_departamento-en-alquiler,302,Found,227,0,Low,false,SetCookie
1000,Proxy,Wed Sep 30 16:49:57 BOT 2026,GET,https://px.ads.linkedin.com/collect?v=2&fmt=js&pid=4228410&time=1790801396855&li_adsId=59714188-2ea2-4bf7-afd1-2ba67e33b1a5&pageLoadId=7266a514-a98a-4e85-a93e-f1f5bba01151&url=https%3A%2F%2Fc21.com.bo%2Fpropiedad%2F122586_departamento-en-alquiler&cookiesTest=true,302,Found,186,0,Low,false,SetCookie
1001,Proxy,Wed Sep 30 16:49:57 BOT 2026,POST,https://analytics.google.com/g/collect?v=2&tid=G-CKSSFE27PG&gtm=45je69t0v890265362za200xf1&_p=1790801392948&gcd=13l3l3l3l1l1&npa=0&dma=0&_eu=AAAAACQC&cid=961736054.1790801394&frm=0&ibt=1&ngs=1&pscdl=noapi&rcb=4&sr=1360x768&uaa=x86&uab=64&uafvl=Chromium%3B154.0.8037.58%7CGoogle%2520Chrome%3B154.0.8037.58%7CNot%2520A(Brand%3B99.0.0.0&uam=&uamb=0&uap=Windows&uapv=10.0.0&uaw=0&ul=en-us&_s=2&tag_exp=115616986~115938466~115938469~118897920~118897930~120213116~120385422~120469145~120469153~121280971&sid=1790801393&sct=1&seg=0&dl=https%3A%2F%2Fc21.com.bo%2Fpropiedad%2F122586_departamento-en-alquiler&dt=Alquiler%20de%20Departamento%20en%20Oeste%2C%20Santa%20Cruz%20%7C%20ID%3A%20122586&en=user_engagement&_et=4026&tfd=6425,204,No Content,68,0,Medium,false,
1002,Proxy,Wed Sep 30 16:49:57 BOT 2026,GET,https://www.linkedin.com/px/li_sync?redirect=https%3A%2F%2Fpx.ads.linkedin.com%2Fcollect%3Fv%3D2%26fmt%3Djs%26pid%3D4228410%26time%3D1790801396855%26li_adsId%3D59714188-2ea2-4bf7-afd1-2ba67e33b1a5%26pageLoadId%3D7266a514-a98a-4e85-a93e-f1f5bba01151%26url%3Dhttps%253A%252F%252Fc21.com.bo%252Fpropiedad%252F122586_departamento-en-alquiler%26cookiesTest%3Dtrue%26liSync%3Dtrue,302,Found,254,0,,false,
1005,Proxy,Wed Sep 30 16:49:56 BOT 2026,GET,https://c21.com.bo/propiedad/122586_departamento-en-alquiler?json=true,200,OK,1605,79276,Medium,false,JSON
1006,Proxy,Wed Sep 30 16:50:18 BOT 2026,GET,https://mobiliario.app/?_rsc=wmrW5gAVD_quenSy,200,OK,1603,81649,,false,
1007,Proxy,Wed Sep 30 16:50:20 BOT 2026,GET,https://mobiliario.app/_next/static/chunks/0yo6uxq8u0mt8.js?dpl=dpl_5deoVL83kAtokHhbhKQfokyh43JH,200,OK,356,18984,,false,
1008,Proxy,Wed Sep 30 16:50:20 BOT 2026,GET,https://mobiliario.app/_next/static/chunks/0-q9qv.wll7l0.js?dpl=dpl_5deoVL83kAtokHhbhKQfokyh43JH,200,OK,379,39610,,false,
1009,Proxy,Wed Sep 30 16:50:20 BOT 2026,GET,https://mobiliario.app/_next/static/chunks/0ltoaw~b-d-3i.js?dpl=dpl_5deoVL83kAtokHhbhKQfokyh43JH,200,OK,458,102319,,false,
1010,Proxy,Wed Sep 30 16:50:21 BOT 2026,GET,https://www.facebook.com/tr/?id=1327925812629125&ev=PageView&dl=https%3A%2F%2Fmobiliario.app&rl=&if=false&ts=1790801421110&iw=false&sw=1360&sh=768&v=2.9.412&r=stable&ec=2&o=4124&aems=0%3B0&fbp=fb.1.1790801271289.779045132726878463&pm=1&hrl=70a252&ler=empty&cdl=API_unavailable&plt=1442.4000000357628&ups%5Bpv%5D=%7B%7D&ups%5Brpv%5D=%7B%7D&it=1790801421103&coo=false&cs_cc=1&dlc=1&expv2%5B0%5D=pl1&expv2%5B1%5D=el3&expv2%5B2%5D=bc1&expv2%5B3%5D=ra0&expv2%5B4%5D=rp0&expv2%5B5%5D=im0&expv2%5B6%5D=hf1&expv2%5B7%5D=sd1&expv2%5B8%5D=sp1&expv2%5B9%5D=ek1&expv2%5B10%5D=pc1&expv2%5B11%5D=gs1&expv2%5B12%5D=zs1&expv2%5B13%5D=cp1&expv2%5B14%5D=es1&expv2%5B15%5D=ac1&expv2%5B16%5D=so1&expv2%5B17%5D=wc1&expv2%5B18%5D=la1&expv2%5B19%5D=sf1&expv2%5B20%5D=da1&expv2%5B21%5D=io1&expv2%5B22%5D=ae1&expv2%5B23%5D=sx1&expv2%5B24%5D=if1&expv2%5B25%5D=fd1&expv2%5B26%5D=bg1&expv2%5B27%5D=mg1&expv2%5B28%5D=kl1&expv2%5B29%5D=sg1&expv2%5B30%5D=mk1&expv2%5B31%5D=sn1&expv2%5B32%5D=ec1&expv2%5B33%5D=mp1&expv2%5B34%5D=ps1&expv2%5B35%5D=fx1&expv2%5B36%5D=vt1&expv2%5B37%5D=dp1&expv2%5B38%5D=fw1&expv2%5B39%5D=cn1&expv2%5B40%5D=tz1&expv2%5B41%5D=pe1&expv2%5B42%5D=ee1&expv2%5B43%5D=bu1&expv2%5B44%5D=ta1&expv2%5B45%5D=ot1&expv2%5B46%5D=hv1&expv2%5B47%5D=ep1&rqm=GET,200,OK,41,0,,false,SetCookie
1028,Proxy,Wed Sep 30 16:50:23 BOT 2026,GET,https://mobiliario.app/_next/static/chunks/0~19.h-ew5eys.js?dpl=dpl_5deoVL83kAtokHhbhKQfokyh43JH,200,OK,125,16625,,false,
1030,Proxy,Wed Sep 30 16:50:22 BOT 2026,POST,https://mobiliario.app/api/search/events,204,No Content,327,0,,false,
1034,Proxy,Wed Sep 30 16:50:23 BOT 2026,GET,https://mobiliario.app/listings/0e3ffe92-cc26-4d2e-9994-bcb865aeb692?_rsc=5CB68i4pnAekjehf,200,OK,316,338,,false,
1035,Proxy,Wed Sep 30 16:50:23 BOT 2026,GET,https://mobiliario.app/listings/61146ed3-b86d-4e40-8b21-b1bb1185a070?_rsc=5CB68i4pnAekjehf,200,OK,324,338,,false,
1040,Proxy,Wed Sep 30 16:50:23 BOT 2026,GET,https://content-autofill.googleapis.com/v1/pages/ChRDaHJvbWUvMTU0LjAuODAzNy41OBIyCYRz6uoQZ3ZuEhENWaPe_SoKCAcYASACKAA4ByFudL6VD98ICyludL6VD98ICzICIAI=?alt=proto,200,OK,368,16,,false,
1044,Proxy,Wed Sep 30 16:50:23 BOT 2026,GET,https://cdn.mobiliario.app/maps/assets/sprites/v4/light.json,200,OK,294,3549,,false,JSON
1045,Proxy,Wed Sep 30 16:50:23 BOT 2026,GET,https://cdn.mobiliario.app/maps/bolivia-20260716.pmtiles,206,Partial Content,311,8257,,false,
1047,Proxy,Wed Sep 30 16:50:23 BOT 2026,POST,https://mobiliario.app/api/listing-events,200,OK,470,36,,false,JSON
1049,Proxy,Wed Sep 30 16:50:23 BOT 2026,POST,https://mobiliario.app/api/listing-events,200,OK,545,36,,false,
1050,Proxy,Wed Sep 30 16:50:23 BOT 2026,GET,https://cdn.mobiliario.app/maps/bolivia-20260716.pmtiles,206,Partial Content,291,14556,,false,
1051,Proxy,Wed Sep 30 16:50:23 BOT 2026,GET,https://cdn.mobiliario.app/maps/bolivia-20260716.pmtiles,206,Partial Content,300,36842,,false,
1052,Proxy,Wed Sep 30 16:50:23 BOT 2026,GET,https://cdn.mobiliario.app/maps/bolivia-20260716.pmtiles,206,Partial Content,309,10339,,false,
1053,Proxy,Wed Sep 30 16:50:23 BOT 2026,GET,https://cdn.mobiliario.app/maps/bolivia-20260716.pmtiles,206,Partial Content,293,7023,,false,
1057,Proxy,Wed Sep 30 16:50:24 BOT 2026,GET,https://cdn.mobiliario.app/maps/bolivia-20260716.pmtiles,206,Partial Content,308,8572,,false,
1064,Proxy,Wed Sep 30 16:50:24 BOT 2026,GET,https://cdn.mobiliario.app/maps/bolivia-20260716.pmtiles,206,Partial Content,286,33735,,false,
1067,Proxy,Wed Sep 30 16:50:24 BOT 2026,GET,https://mobiliario.app/listings/0e3ffe92-cc26-4d2e-9994-bcb865aeb692?_rsc=WxtV_nIeRPcn-CKq,200,OK,308,10887,,false,
1068,Proxy,Wed Sep 30 16:50:24 BOT 2026,GET,https://mobiliario.app/listings/61146ed3-b86d-4e40-8b21-b1bb1185a070?_rsc=35qOq8muXrKNkdx9,200,OK,328,7845,,false,
1069,Proxy,Wed Sep 30 16:50:24 BOT 2026,GET,https://cdn.mobiliario.app/maps/assets/fonts/Noto%20Sans%20Medium/0-255.pbf,200,OK,322,77628,,false,Comment
1070,Proxy,Wed Sep 30 16:50:24 BOT 2026,GET,https://cdn.mobiliario.app/maps/assets/fonts/Noto%20Sans%20Italic/0-255.pbf,200,OK,333,79344,,false,
1071,Proxy,Wed Sep 30 16:50:24 BOT 2026,GET,https://cdn.mobiliario.app/maps/assets/fonts/Noto%20Sans%20Regular/0-255.pbf,200,OK,344,76044,,false,Comment
1073,Proxy,Wed Sep 30 16:50:25 BOT 2026,GET,https://cdn.mobiliario.app/maps/bolivia-20260716.pmtiles,206,Partial Content,290,14556,,false,
1072,Proxy,Wed Sep 30 16:50:25 BOT 2026,GET,https://cdn.mobiliario.app/maps/bolivia-20260716.pmtiles,206,Partial Content,287,10339,,false,
1074,Proxy,Wed Sep 30 16:50:25 BOT 2026,GET,https://cdn.mobiliario.app/maps/bolivia-20260716.pmtiles,206,Partial Content,286,7023,,false,
1075,Proxy,Wed Sep 30 16:50:25 BOT 2026,GET,https://cdn.mobiliario.app/maps/bolivia-20260716.pmtiles,206,Partial Content,323,36842,,false,Comment
1076,Proxy,Wed Sep 30 16:50:25 BOT 2026,POST,https://mobiliario.app/api/listing-events,200,OK,335,36,,false,JSON
1077,Proxy,Wed Sep 30 16:50:25 BOT 2026,POST,https://mobiliario.app/api/listing-events,200,OK,369,36,,false,JSON
1078,Proxy,Wed Sep 30 16:50:25 BOT 2026,POST,https://mobiliario.app/api/listing-events,200,OK,354,36,,false,JSON
1079,Proxy,Wed Sep 30 16:50:25 BOT 2026,POST,https://mobiliario.app/api/listing-events,200,OK,356,36,,false,JSON
1093,Proxy,Wed Sep 30 16:50:26 BOT 2026,POST,https://mobiliario.app/api/listing-events,200,OK,450,36,,false,JSON
1094,Proxy,Wed Sep 30 16:50:26 BOT 2026,POST,https://mobiliario.app/api/listing-events,200,OK,458,36,,false,JSON
1097,Proxy,Wed Sep 30 16:50:26 BOT 2026,POST,https://mobiliario.app/api/listing-events,200,OK,582,36,,false,JSON
1098,Proxy,Wed Sep 30 16:50:26 BOT 2026,POST,https://mobiliario.app/api/listing-events,200,OK,486,36,,false,JSON
1102,Proxy,Wed Sep 30 16:50:27 BOT 2026,POST,https://mobiliario.app/api/listing-events,200,OK,319,36,,false,JSON
1109,Proxy,Wed Sep 30 16:50:27 BOT 2026,POST,https://mobiliario.app/api/listing-events,200,OK,567,36,,false,JSON
1114,Proxy,Wed Sep 30 16:50:28 BOT 2026,GET,https://mobiliario.app/listings/5949525c-2006-4556-8ab7-44936762f5d7?_rsc=5CB68i4pnAekjehf,200,OK,308,338,,false,
1115,Proxy,Wed Sep 30 16:50:28 BOT 2026,GET,https://mobiliario.app/listings/12a16b4c-f9c3-4f6b-a741-83238aa7e35f?_rsc=5CB68i4pnAekjehf,200,OK,310,338,,false,
1116,Proxy,Wed Sep 30 16:50:28 BOT 2026,GET,https://mobiliario.app/listings/d38c848d-731f-4ed1-b4b3-d4580ef439bc?_rsc=5CB68i4pnAekjehf,200,OK,321,338,,false,
1118,Proxy,Wed Sep 30 16:50:28 BOT 2026,GET,https://mobiliario.app/listings/2814d59f-ad38-4c86-9d20-77ac65e9b229?_rsc=5CB68i4pnAekjehf,200,OK,306,338,,false,
1137,Proxy,Wed Sep 30 16:50:28 BOT 2026,GET,https://mobiliario.app/listings/1c530eb7-2ed7-40c9-af38-6da788e38221?_rsc=5CB68i4pnAekjehf,200,OK,413,338,,false,
1139,Proxy,Wed Sep 30 16:50:28 BOT 2026,GET,https://mobiliario.app/listings/20bcdd85-3eda-403f-93e4-7e02f1bce45a?_rsc=5CB68i4pnAekjehf,200,OK,433,338,,false,
1149,Proxy,Wed Sep 30 16:50:29 BOT 2026,GET,https://mobiliario.app/listings/1f31f99f-1800-431e-819a-a9f80bd7f004?_rsc=5CB68i4pnAekjehf,200,OK,302,338,,false,
1150,Proxy,Wed Sep 30 16:50:29 BOT 2026,GET,https://mobiliario.app/listings/5f4c6352-eb25-4289-a9b9-671f3418a6ba?_rsc=5CB68i4pnAekjehf,200,OK,324,338,,false,
1151,Proxy,Wed Sep 30 16:50:29 BOT 2026,GET,https://mobiliario.app/listings/8b8db76f-368c-45f5-99e5-2e5aa4336807?_rsc=5CB68i4pnAekjehf,200,OK,296,338,,false,
1152,Proxy,Wed Sep 30 16:50:29 BOT 2026,GET,https://mobiliario.app/listings/d38c848d-731f-4ed1-b4b3-d4580ef439bc?_rsc=tXyZJ52UQVBCVsD3,200,OK,341,3112,,false,
1155,Proxy,Wed Sep 30 16:50:30 BOT 2026,GET,https://mobiliario.app/listings/8cd6d990-8141-4477-ace5-b5aad1c301b0?_rsc=5CB68i4pnAekjehf,200,OK,546,338,,false,
1156,Proxy,Wed Sep 30 16:50:31 BOT 2026,GET,https://mobiliario.app/listings/22732e6e-6aed-4912-85f7-31185d840f2d?_rsc=5CB68i4pnAekjehf,200,OK,295,338,,false,
1157,Proxy,Wed Sep 30 16:50:31 BOT 2026,GET,https://mobiliario.app/listings/8cd6d990-8141-4477-ace5-b5aad1c301b0?_rsc=tXyZJ52UQVBCVsD3,200,OK,326,3127,,false,
1158,Proxy,Wed Sep 30 16:50:31 BOT 2026,GET,https://mobiliario.app/listings/5949525c-2006-4556-8ab7-44936762f5d7?_rsc=tXyZJ52UQVBCVsD3,200,OK,569,3067,,false,
1159,Proxy,Wed Sep 30 16:50:32 BOT 2026,GET,https://mobiliario.app/listings/22732e6e-6aed-4912-85f7-31185d840f2d?_rsc=tXyZJ52UQVBCVsD3,200,OK,536,3121,,false,
1160,Proxy,Wed Sep 30 16:50:32 BOT 2026,GET,https://mobiliario.app/listings/2814d59f-ad38-4c86-9d20-77ac65e9b229?_rsc=tXyZJ52UQVBCVsD3,200,OK,563,2908,,false,
1161,Proxy,Wed Sep 30 16:50:32 BOT 2026,GET,https://mobiliario.app/listings/12a16b4c-f9c3-4f6b-a741-83238aa7e35f?_rsc=tXyZJ52UQVBCVsD3,200,OK,613,3172,,false,
1162,Proxy,Wed Sep 30 16:50:32 BOT 2026,GET,https://mobiliario.app/listings/1c530eb7-2ed7-40c9-af38-6da788e38221?_rsc=tXyZJ52UQVBCVsD3,200,OK,527,3109,,false,
1163,Proxy,Wed Sep 30 16:50:32 BOT 2026,GET,https://mobiliario.app/listings/3d1d35c1-fcab-4559-a757-fdabc945101f?_rsc=5CB68i4pnAekjehf,200,OK,539,338,,false,
1164,Proxy,Wed Sep 30 16:50:32 BOT 2026,GET,https://mobiliario.app/listings/20bcdd85-3eda-403f-93e4-7e02f1bce45a?_rsc=tXyZJ52UQVBCVsD3,200,OK,549,3217,,false,
1165,Proxy,Wed Sep 30 16:50:32 BOT 2026,GET,https://mobiliario.app/listings/5f4c6352-eb25-4289-a9b9-671f3418a6ba?_rsc=tXyZJ52UQVBCVsD3,200,OK,529,3124,,false,
1166,Proxy,Wed Sep 30 16:50:32 BOT 2026,POST,https://mobiliario.app/api/listing-events,200,OK,582,36,,false,
1167,Proxy,Wed Sep 30 16:50:32 BOT 2026,POST,https://mobiliario.app/api/listing-events,200,OK,605,36,,false,JSON
1168,Proxy,Wed Sep 30 16:50:32 BOT 2026,POST,https://mobiliario.app/api/listing-events,200,OK,588,36,,false,JSON
1169,Proxy,Wed Sep 30 16:50:33 BOT 2026,POST,https://mobiliario.app/api/listing-events,200,OK,585,36,,false,JSON
1170,Proxy,Wed Sep 30 16:50:33 BOT 2026,GET,https://mobiliario.app/listings/9f66e1a4-0d90-429d-a3c0-51703d337b49?_rsc=5CB68i4pnAekjehf,200,OK,550,338,,false,
1171,Proxy,Wed Sep 30 16:50:33 BOT 2026,GET,https://mobiliario.app/listings/82f03cbb-6a67-42b1-88c0-14fec0156cf9?_rsc=5CB68i4pnAekjehf,200,OK,643,338,,false,
1172,Proxy,Wed Sep 30 16:50:33 BOT 2026,GET,https://mobiliario.app/listings/869110ba-1d32-46e0-a998-e6e054547785?_rsc=5CB68i4pnAekjehf,200,OK,526,338,,false,
1173,Proxy,Wed Sep 30 16:50:33 BOT 2026,GET,https://mobiliario.app/listings/66db0870-724f-4e4d-b42b-c3f61fd63bf5?_rsc=5CB68i4pnAekjehf,200,OK,535,338,,false,
1174,Proxy,Wed Sep 30 16:50:33 BOT 2026,GET,https://mobiliario.app/listings/9f66e1a4-0d90-429d-a3c0-51703d337b49?_rsc=tXyZJ52UQVBCVsD3,200,OK,548,3121,,false,
1175,Proxy,Wed Sep 30 16:50:34 BOT 2026,GET,https://mobiliario.app/listings/82f03cbb-6a67-42b1-88c0-14fec0156cf9?_rsc=tXyZJ52UQVBCVsD3,200,OK,569,3178,,false,
1176,Proxy,Wed Sep 30 16:50:34 BOT 2026,GET,https://cdn.mobiliario.app/maps/bolivia-20260716.pmtiles,206,Partial Content,300,9549,,false,Comment
1177,Proxy,Wed Sep 30 16:50:34 BOT 2026,GET,https://cdn.mobiliario.app/maps/bolivia-20260716.pmtiles,206,Partial Content,332,5974,,false,
1178,Proxy,Wed Sep 30 16:50:34 BOT 2026,GET,https://mobiliario.app/listings/869110ba-1d32-46e0-a998-e6e054547785?_rsc=tXyZJ52UQVBCVsD3,200,OK,615,3124,,false,
1179,Proxy,Wed Sep 30 16:50:34 BOT 2026,GET,https://mobiliario.app/listings/66db0870-724f-4e4d-b42b-c3f61fd63bf5?_rsc=tXyZJ52UQVBCVsD3,200,OK,659,3121,,false,
1180,Proxy,Wed Sep 30 16:50:34 BOT 2026,GET,https://cdn.mobiliario.app/maps/bolivia-20260716.pmtiles,206,Partial Content,324,16499,,false,
1181,Proxy,Wed Sep 30 16:50:34 BOT 2026,GET,https://cdn.mobiliario.app/maps/bolivia-20260716.pmtiles,206,Partial Content,298,30126,,false,
1182,Proxy,Wed Sep 30 16:50:34 BOT 2026,GET,https://cdn.mobiliario.app/maps/bolivia-20260716.pmtiles,206,Partial Content,306,11741,,false,Comment
1183,Proxy,Wed Sep 30 16:50:34 BOT 2026,GET,https://cdn.mobiliario.app/maps/bolivia-20260716.pmtiles,206,Partial Content,293,11379,,false,
1184,Proxy,Wed Sep 30 16:50:34 BOT 2026,GET,https://cdn.mobiliario.app/maps/bolivia-20260716.pmtiles,206,Partial Content,307,17602,,false,
1185,Proxy,Wed Sep 30 16:50:34 BOT 2026,GET,https://mobiliario.app/listings/1f31f99f-1800-431e-819a-a9f80bd7f004?_rsc=tXyZJ52UQVBCVsD3,200,OK,541,3073,,false,
1186,Proxy,Wed Sep 30 16:50:34 BOT 2026,GET,https://mobiliario.app/listings/3d1d35c1-fcab-4559-a757-fdabc945101f?_rsc=tXyZJ52UQVBCVsD3,200,OK,569,3175,,false,
1187,Proxy,Wed Sep 30 16:50:34 BOT 2026,GET,https://cdn.mobiliario.app/maps/bolivia-20260716.pmtiles,206,Partial Content,325,36958,,false,
1188,Proxy,Wed Sep 30 16:50:34 BOT 2026,GET,https://cdn.mobiliario.app/maps/bolivia-20260716.pmtiles,206,Partial Content,321,25368,,false,Comment
1189,Proxy,Wed Sep 30 16:50:35 BOT 2026,POST,https://mobiliario.app/api/listing-events,200,OK,569,36,,false,JSON
1190,Proxy,Wed Sep 30 16:50:35 BOT 2026,POST,https://mobiliario.app/api/listing-events,200,OK,570,36,,false,JSON
1191,Proxy,Wed Sep 30 16:50:35 BOT 2026,GET,https://mobiliario.app/listings/c5559bec-da23-46d6-993f-8dd36e7d9e0c?_rsc=5CB68i4pnAekjehf,200,OK,632,338,,false,
1192,Proxy,Wed Sep 30 16:50:35 BOT 2026,GET,https://mobiliario.app/listings/adf88aa3-800f-45ff-b5d1-a574b6aa121e?_rsc=5CB68i4pnAekjehf,200,OK,651,338,,false,
1193,Proxy,Wed Sep 30 16:50:35 BOT 2026,POST,https://mobiliario.app/api/listing-events,200,OK,577,36,,false,
1194,Proxy,Wed Sep 30 16:50:35 BOT 2026,POST,https://mobiliario.app/api/listing-events,200,OK,672,36,,false,JSON
1195,Proxy,Wed Sep 30 16:50:36 BOT 2026,GET,https://mobiliario.app/alquiler/departamentos/la-paz?_rsc=5CB68i4pnAekjehf,200,OK,556,355,,false,
1196,Proxy,Wed Sep 30 16:50:36 BOT 2026,GET,https://mobiliario.app/alquiler/terrenos/cochabamba?_rsc=5CB68i4pnAekjehf,200,OK,530,354,,false,
1198,Proxy,Wed Sep 30 16:50:36 BOT 2026,GET,https://mobiliario.app/alquiler/terrenos/la-paz?_rsc=5CB68i4pnAekjehf,200,OK,559,350,,false,
1199,Proxy,Wed Sep 30 16:50:36 BOT 2026,GET,https://mobiliario.app/alquiler/terrenos/santa-cruz?_rsc=5CB68i4pnAekjehf,200,OK,526,354,,false,
1200,Proxy,Wed Sep 30 16:50:36 BOT 2026,GET,https://mobiliario.app/comprar/terrenos/santa-cruz?_rsc=5CB68i4pnAekjehf,200,OK,536,353,,false,
1201,Proxy,Wed Sep 30 16:50:36 BOT 2026,GET,https://mobiliario.app/alquiler/terrenos/cochabamba?_rsc=tXyZJ52UQVBCVsD3,200,OK,555,2610,,false,
1202,Proxy,Wed Sep 30 16:50:35 BOT 2026,GET,https://mobiliario.app/?city=santa-cruz&north=-17.59823239906862&south=-17.942314974469937&east=-62.86785708973892&west=-63.29352489807228&_rsc=cMve3PpQrJhYcjbG,200,OK,1605,82195,,false,
1203,Proxy,Wed Sep 30 16:50:37 BOT 2026,GET,https://www.facebook.com/tr/?id=1327925812629125&ev=PageView&dl=https%3A%2F%2Fmobiliario.app&rl=&if=false&ts=1790801437580&iw=false&sw=1360&sh=768&v=2.9.412&r=stable&ec=3&o=4124&aems=0%3B0&fbp=fb.1.1790801271289.779045132726878463&pm=1&hrl=4b076c&ler=empty&cdl=API_unavailable&plt=1442.4000000357628&ups%5Bpv%5D=%7B%7D&ups%5Brpv%5D=%7B%7D&it=1790801437577&coo=false&cs_cc=1&dlc=1&expv2%5B0%5D=pl1&expv2%5B1%5D=el2&expv2%5B2%5D=bc1&expv2%5B3%5D=ra0&expv2%5B4%5D=rp0&expv2%5B5%5D=im0&expv2%5B6%5D=hf1&expv2%5B7%5D=sd1&expv2%5B8%5D=sp1&expv2%5B9%5D=ek1&expv2%5B10%5D=pc1&expv2%5B11%5D=gs1&expv2%5B12%5D=zs1&expv2%5B13%5D=cp1&expv2%5B14%5D=es1&expv2%5B15%5D=ac1&expv2%5B16%5D=so1&expv2%5B17%5D=wc1&expv2%5B18%5D=la1&expv2%5B19%5D=sf1&expv2%5B20%5D=da1&expv2%5B21%5D=io1&expv2%5B22%5D=ae1&expv2%5B23%5D=sx1&expv2%5B24%5D=if1&expv2%5B25%5D=fd1&expv2%5B26%5D=bg1&expv2%5B27%5D=mg1&expv2%5B28%5D=kl1&expv2%5B29%5D=sg1&expv2%5B30%5D=mk1&expv2%5B31%5D=sn1&expv2%5B32%5D=ec1&expv2%5B33%5D=mp1&expv2%5B34%5D=ps1&expv2%5B35%5D=fx1&expv2%5B36%5D=vt1&expv2%5B37%5D=dp1&expv2%5B38%5D=fw1&expv2%5B39%5D=cn1&expv2%5B40%5D=tz1&expv2%5B41%5D=pe1&expv2%5B42%5D=ee1&expv2%5B43%5D=bu1&expv2%5B44%5D=ta1&expv2%5B45%5D=mt1&expv2%5B46%5D=ot1&expv2%5B47%5D=hv1&expv2%5B48%5D=ep1&rqm=GET,200,OK,38,0,Informational,false,SetCookie
1204,Proxy,Wed Sep 30 16:50:37 BOT 2026,GET,https://mobiliario.app/alquiler/casas/cochabamba?_rsc=5CB68i4pnAekjehf,200,OK,529,351,,false,
1206,Proxy,Wed Sep 30 16:50:37 BOT 2026,GET,https://mobiliario.app/alquiler/casas/la-paz?_rsc=5CB68i4pnAekjehf,200,OK,544,347,,false,
1207,Proxy,Wed Sep 30 16:50:37 BOT 2026,GET,https://mobiliario.app/alquiler/casas/santa-cruz?_rsc=5CB68i4pnAekjehf,200,OK,517,351,,false,
1208,Proxy,Wed Sep 30 16:50:36 BOT 2026,GET,https://mobiliario.app/alquiler/departamentos/cochabamba?_rsc=5CB68i4pnAekjehf,200,OK,1925,359,,false,
1209,Proxy,Wed Sep 30 16:50:37 BOT 2026,POST,https://mobiliario.app/api/search/events,204,No Content,518,0,,false,
1210,Proxy,Wed Sep 30 16:50:37 BOT 2026,GET,https://mobiliario.app/comprar/casas/la-paz?_rsc=5CB68i4pnAekjehf,200,OK,549,346,,false,
1211,Proxy,Wed Sep 30 16:50:37 BOT 2026,GET,https://mobiliario.app/comprar/casas/cochabamba?_rsc=5CB68i4pnAekjehf,200,OK,552,350,,false,
1212,Proxy,Wed Sep 30 16:50:37 BOT 2026,GET,https://mobiliario.app/comprar/casas/santa-cruz?_rsc=5CB68i4pnAekjehf,200,OK,564,350,,false,
1213,Proxy,Wed Sep 30 16:50:37 BOT 2026,GET,https://mobiliario.app/comprar/terrenos/santa-cruz?_rsc=3zbBRQMKgDKaXX6v,200,OK,734,4734,,false,
1214,Proxy,Wed Sep 30 16:50:38 BOT 2026,POST,https://mobiliario.app/api/listing-events,200,OK,629,36,,false,
1215,Proxy,Wed Sep 30 16:50:38 BOT 2026,POST,https://mobiliario.app/api/listing-events,200,OK,379,36,,false,JSON
1216,Proxy,Wed Sep 30 16:50:38 BOT 2026,POST,https://mobiliario.app/api/listing-events,200,OK,692,36,,false,JSON
1217,Proxy,Wed Sep 30 16:50:38 BOT 2026,POST,https://mobiliario.app/api/listing-events,200,OK,719,36,,false,JSON
1218,Proxy,Wed Sep 30 16:50:38 BOT 2026,POST,https://mobiliario.app/api/listing-events,200,OK,600,36,,false,JSON
1219,Proxy,Wed Sep 30 16:50:38 BOT 2026,POST,https://mobiliario.app/api/listing-events,200,OK,735,36,,false,JSON
1220,Proxy,Wed Sep 30 16:50:38 BOT 2026,POST,https://mobiliario.app/api/listing-events,200,OK,590,36,,false,JSON
1221,Proxy,Wed Sep 30 16:50:38 BOT 2026,POST,https://mobiliario.app/api/listing-events,200,OK,596,36,,false,JSON
1222,Proxy,Wed Sep 30 16:50:39 BOT 2026,POST,https://mobiliario.app/api/listing-events,200,OK,559,36,,false,JSON
1223,Proxy,Wed Sep 30 16:50:39 BOT 2026,POST,https://mobiliario.app/api/listing-events,200,OK,562,36,,false,
1224,Proxy,Wed Sep 30 16:50:39 BOT 2026,POST,https://mobiliario.app/api/listing-events,200,OK,608,36,,false,JSON
1225,Proxy,Wed Sep 30 16:50:39 BOT 2026,POST,https://mobiliario.app/api/listing-events,200,OK,605,36,,false,JSON
1226,Proxy,Wed Sep 30 16:50:39 BOT 2026,POST,https://mobiliario.app/api/listing-events,200,OK,639,36,,false,JSON
1227,Proxy,Wed Sep 30 16:50:39 BOT 2026,POST,https://mobiliario.app/api/listing-events,200,OK,680,36,,false,
1228,Proxy,Wed Sep 30 16:50:40 BOT 2026,POST,https://mobiliario.app/api/listing-events,200,OK,562,36,,false,JSON
1229,Proxy,Wed Sep 30 16:50:40 BOT 2026,POST,https://mobiliario.app/api/listing-events,200,OK,572,36,,false,
1230,Proxy,Wed Sep 30 16:50:40 BOT 2026,POST,https://mobiliario.app/api/listing-events,200,OK,571,36,,false,JSON
1231,Proxy,Wed Sep 30 16:50:40 BOT 2026,POST,https://mobiliario.app/api/listing-events,200,OK,540,36,,false,
1232,Proxy,Wed Sep 30 16:50:40 BOT 2026,POST,https://mobiliario.app/api/listing-events,200,OK,588,36,,false,JSON
1233,Proxy,Wed Sep 30 16:50:40 BOT 2026,POST,https://mobiliario.app/api/listing-events,200,OK,556,36,,false,JSON
1234,Proxy,Wed Sep 30 16:50:40 BOT 2026,GET,https://mobiliario.app/comprar/departamentos/cochabamba?_rsc=5CB68i4pnAekjehf,200,OK,547,358,,false,
1235,Proxy,Wed Sep 30 16:50:40 BOT 2026,GET,https://mobiliario.app/listings/c5559bec-da23-46d6-993f-8dd36e7d9e0c?_rsc=tXyZJ52UQVBCVsD3,200,OK,557,3106,,false,
1236,Proxy,Wed Sep 30 16:50:40 BOT 2026,GET,https://mobiliario.app/listings/8b8db76f-368c-45f5-99e5-2e5aa4336807?_rsc=tXyZJ52UQVBCVsD3,200,OK,568,3106,,false,
1237,Proxy,Wed Sep 30 16:50:40 BOT 2026,GET,https://mobiliario.app/inmuebles/cochabamba?_rsc=5CB68i4pnAekjehf,200,OK,547,287,,false,
1238,Proxy,Wed Sep 30 16:50:40 BOT 2026,GET,https://mobiliario.app/listings/adf88aa3-800f-45ff-b5d1-a574b6aa121e?_rsc=tXyZJ52UQVBCVsD3,200,OK,662,3202,,false,
1239,Proxy,Wed Sep 30 16:50:41 BOT 2026,GET,https://mobiliario.app/comprar/casas/santa-cruz?_rsc=tXyZJ52UQVBCVsD3,200,OK,542,2632,,false,
1240,Proxy,Wed Sep 30 16:50:41 BOT 2026,GET,https://mobiliario.app/comprar/terrenos/la-paz?_rsc=5CB68i4pnAekjehf,200,OK,542,349,,false,
1241,Proxy,Wed Sep 30 16:50:41 BOT 2026,GET,https://mobiliario.app/alquiler/departamentos/la-paz?_rsc=tXyZJ52UQVBCVsD3,200,OK,556,2619,,false,
1242,Proxy,Wed Sep 30 16:50:41 BOT 2026,GET,https://mobiliario.app/alquiler/casas/cochabamba?_rsc=tXyZJ52UQVBCVsD3,200,OK,567,2589,,false,
1243,Proxy,Wed Sep 30 16:50:41 BOT 2026,GET,https://mobiliario.app/comprar/terrenos/cochabamba?_rsc=5CB68i4pnAekjehf,200,OK,543,353,,false,
1244,Proxy,Wed Sep 30 16:50:42 BOT 2026,GET,https://mobiliario.app/comprar/departamentos/santa-cruz?_rsc=5CB68i4pnAekjehf,200,OK,543,358,,false,
1245,Proxy,Wed Sep 30 16:50:42 BOT 2026,GET,https://mobiliario.app/comprar/departamentos/la-paz?_rsc=5CB68i4pnAekjehf,200,OK,597,354,,false,
1246,Proxy,Wed Sep 30 16:50:42 BOT 2026,GET,https://mobiliario.app/inmuebles/la-paz?_rsc=5CB68i4pnAekjehf,200,OK,534,283,,false,
1247,Proxy,Wed Sep 30 16:50:42 BOT 2026,GET,https://mobiliario.app/alquiler/casas/la-paz?_rsc=tXyZJ52UQVBCVsD3,200,OK,551,2561,,false,
1248,Proxy,Wed Sep 30 16:50:42 BOT 2026,GET,https://mobiliario.app/alquiler/casas/santa-cruz?_rsc=tXyZJ52UQVBCVsD3,200,OK,597,2643,,false,
1249,Proxy,Wed Sep 30 16:50:42 BOT 2026,GET,https://mobiliario.app/inmuebles/santa-cruz?_rsc=5CB68i4pnAekjehf,200,OK,575,287,,false,
1250,Proxy,Wed Sep 30 16:50:42 BOT 2026,GET,https://mobiliario.app/inmuebles/bolivia?_rsc=5CB68i4pnAekjehf,200,OK,575,284,,false,
1251,Proxy,Wed Sep 30 16:50:42 BOT 2026,GET,https://mobiliario.app/comprar/terrenos/la-paz?_rsc=tXyZJ52UQVBCVsD3,200,OK,613,2569,,false,
1252,Proxy,Wed Sep 30 16:50:43 BOT 2026,GET,https://mobiliario.app/inmuebles/cochabamba?_rsc=VfKFapocow9K3dEN,200,OK,562,4675,,false,
1253,Proxy,Wed Sep 30 16:50:43 BOT 2026,GET,https://mobiliario.app/alquiler/terrenos/la-paz?_rsc=tXyZJ52UQVBCVsD3,200,OK,545,2644,,false,
1254,Proxy,Wed Sep 30 16:50:43 BOT 2026,GET,https://mobiliario.app/alquiler/terrenos/santa-cruz?_rsc=tXyZJ52UQVBCVsD3,200,OK,568,2662,,false,
1255,Proxy,Wed Sep 30 16:50:43 BOT 2026,GET,https://mobiliario.app/alquiler/departamentos/cochabamba?_rsc=tXyZJ52UQVBCVsD3,200,OK,553,2647,,false,
1256,Proxy,Wed Sep 30 16:50:43 BOT 2026,GET,https://mobiliario.app/comprar/terrenos/cochabamba?_rsc=tXyZJ52UQVBCVsD3,200,OK,541,2597,,false,
1257,Proxy,Wed Sep 30 16:50:43 BOT 2026,GET,https://mobiliario.app/comprar/casas/cochabamba?_rsc=tXyZJ52UQVBCVsD3,200,OK,558,2576,,false,
1258,Proxy,Wed Sep 30 16:50:43 BOT 2026,GET,https://mobiliario.app/comprar/casas/la-paz?_rsc=tXyZJ52UQVBCVsD3,200,OK,552,2548,,false,
1259,Proxy,Wed Sep 30 16:50:43 BOT 2026,GET,https://mobiliario.app/comprar/departamentos/cochabamba?_rsc=tXyZJ52UQVBCVsD3,200,OK,561,2636,,false,
1260,Proxy,Wed Sep 30 16:50:44 BOT 2026,GET,https://mobiliario.app/comprar/departamentos/la-paz?_rsc=tXyZJ52UQVBCVsD3,200,OK,558,2604,,false,
1261,Proxy,Wed Sep 30 16:50:44 BOT 2026,GET,https://mobiliario.app/comprar/departamentos/santa-cruz?_rsc=tXyZJ52UQVBCVsD3,200,OK,558,2688,,false,
1262,Proxy,Wed Sep 30 16:50:44 BOT 2026,GET,https://mobiliario.app/inmuebles/la-paz?_rsc=tXyZJ52UQVBCVsD3,200,OK,560,2583,,false,
1263,Proxy,Wed Sep 30 16:50:44 BOT 2026,GET,https://mobiliario.app/inmuebles/santa-cruz?_rsc=tXyZJ52UQVBCVsD3,200,OK,559,2667,,false,
1264,Proxy,Wed Sep 30 16:50:44 BOT 2026,GET,https://mobiliario.app/inmuebles/bolivia?_rsc=tXyZJ52UQVBCVsD3,200,OK,554,2594,,false,
1265,Proxy,Wed Sep 30 16:50:48 BOT 2026,GET,https://mobiliario.app/terms?_rsc=qVfIjkG4gTCSCHIm,200,OK,548,21672,,false,
1266,Proxy,Wed Sep 30 16:50:48 BOT 2026,GET,https://www.facebook.com/tr/?id=1327925812629125&ev=PageView&dl=https%3A%2F%2Fmobiliario.app&rl=&if=false&ts=1790801448822&iw=false&sw=1360&sh=768&v=2.9.412&r=stable&ec=4&o=4124&aems=0%3B0&fbp=fb.1.1790801271289.779045132726878463&pm=1&hrl=128a74&ler=empty&cdl=API_unavailable&plt=1442.4000000357628&ups%5Bpv%5D=%7B%7D&ups%5Brpv%5D=%7B%7D&it=1790801448820&coo=false&cs_cc=1&dlc=1&expv2%5B0%5D=pl1&expv2%5B1%5D=el2&expv2%5B2%5D=bc1&expv2%5B3%5D=ra0&expv2%5B4%5D=rp0&expv2%5B5%5D=im0&expv2%5B6%5D=hf1&expv2%5B7%5D=sd1&expv2%5B8%5D=sp1&expv2%5B9%5D=ek1&expv2%5B10%5D=pc1&expv2%5B11%5D=gs1&expv2%5B12%5D=zs1&expv2%5B13%5D=cp1&expv2%5B14%5D=es1&expv2%5B15%5D=ac1&expv2%5B16%5D=so1&expv2%5B17%5D=wc1&expv2%5B18%5D=la1&expv2%5B19%5D=sf1&expv2%5B20%5D=da1&expv2%5B21%5D=io1&expv2%5B22%5D=ae1&expv2%5B23%5D=sx1&expv2%5B24%5D=if1&expv2%5B25%5D=fd1&expv2%5B26%5D=bg1&expv2%5B27%5D=mg1&expv2%5B28%5D=kl1&expv2%5B29%5D=sg1&expv2%5B30%5D=mk1&expv2%5B31%5D=sn1&expv2%5B32%5D=ec1&expv2%5B33%5D=mp1&expv2%5B34%5D=ps1&expv2%5B35%5D=fx1&expv2%5B36%5D=vt1&expv2%5B37%5D=dp1&expv2%5B38%5D=fw1&expv2%5B39%5D=cn1&expv2%5B40%5D=tz1&expv2%5B41%5D=pe1&expv2%5B42%5D=ee1&expv2%5B43%5D=bu1&expv2%5B44%5D=ta1&expv2%5B45%5D=ot1&expv2%5B46%5D=hv1&expv2%5B47%5D=ep1&rqm=GET,200,OK,50,0,,false,
1267,Proxy,Wed Sep 30 16:50:59 BOT 2026,POST,https://google.com/domainreliability/upload,200,OK,402,0,Low,false,
1270,Proxy,Wed Sep 30 16:51:30 BOT 2026,POST,https://update.googleapis.com/service/update2/json,200,OK,478,236,,false,JSON
1271,Proxy,Wed Sep 30 16:51:34 BOT 2026,GET,https://mobiliario.app/data-deletion?_rsc=pfWg1qw4uMxqj7N2,200,OK,524,188,,false,
1272,Proxy,Wed Sep 30 16:51:34 BOT 2026,POST,https://update.googleapis.com/service/update2/json,200,OK,435,236,,false,
1273,Proxy,Wed Sep 30 16:51:35 BOT 2026,GET,https://mobiliario.app/data-deletion?_rsc=Jm_KudBfn_F9em99,200,OK,651,2832,,false,
1274,Proxy,Wed Sep 30 16:51:43 BOT 2026,POST,https://update.googleapis.com/service/update2/json,200,OK,438,252,,false,JSON
1275,Proxy,Wed Sep 30 16:51:56 BOT 2026,POST,https://update.googleapis.com/service/update2/json,200,OK,428,252,,false,JSON
1276,Proxy,Wed Sep 30 16:52:13 BOT 2026,POST,https://update.googleapis.com/service/update2/json,200,OK,434,236,,false,JSON
1277,Proxy,Wed Sep 30 16:52:17 BOT 2026,POST,https://update.googleapis.com/service/update2/json,200,OK,427,236,,false,JSON
1278,Proxy,Wed Sep 30 16:52:26 BOT 2026,POST,https://update.googleapis.com/service/update2/json,200,OK,433,236,,false,JSON
1279,Proxy,Wed Sep 30 16:52:28 BOT 2026,POST,https://google.com/domainreliability/upload,200,OK,193,0,Low,false,
1280,Proxy,Wed Sep 30 16:52:32 BOT 2026,POST,https://www.google.com/rmkt/collect/18251526340/?random=1790801552103&cv=11&fst=1790801552103&fmt=8&bg=ffffff&guid=ON&async=1&en=form_start&gtm=45be69t1h2v9255936575za200zd9255936575xecxf1&gcd=13l3l3l3l1l1&dma=0&tag_exp=115938466~115938468~118897920~118897930~120213116~120385423~120469145~120469153~121280969&u_w=1360&u_h=768&url=https%3A%2F%2Fmobiliario.app%2F%3Fcity%3Dsanta-cruz%26view%3Dmap%26north%3D-14.2492551711847%26south%3D-19.425541514798155%26east%3D-60.14812048246196%26west%3D-71.00233877363843&top=https%3A%2F%2Fmobiliario.app%2F&rcb=11&frm=0&tiba=Mobiliario%20App%20%E2%80%94%20Propiedades%20en%20venta%20y%20alquiler%20en%20Bolivia&ae=a&hn=www.googleadservices.com&npa=0&pscdl=noapi&auid=545738914.1790801271&uaa=x86&uab=64&uafvl=Chromium%3B154.0.8037.58%7CGoogle%2520Chrome%3B154.0.8037.58%7CNot%2520A(Brand%3B99.0.0.0&uamb=0&uam=&uap=Windows&uapv=10.0.0&uaw=0&data=event%3Dform_start&gap.fsrc=1&ept=68&gcp=5,200,OK,67,0,Medium,false,
1281,Proxy,Wed Sep 30 16:52:32 BOT 2026,GET,https://googleads.g.doubleclick.net/pagead/viewthroughconversion/18251526340/?random=1790801552103&cv=11&fst=1790801552103&bg=ffffff&guid=ON&async=1&en=form_start&gtm=45be69t1h2v9255936575za200zd9255936575xecxf1&gcd=13l3l3l3l1l1&dma=0&tag_exp=115938466~115938468~118897920~118897930~120213116~120385423~120469145~120469153~121280969&u_w=1360&u_h=768&url=https%3A%2F%2Fmobiliario.app%2F%3Fcity%3Dsanta-cruz%26view%3Dmap%26north%3D-14.2492551711847%26south%3D-19.425541514798155%26east%3D-60.14812048246196%26west%3D-71.00233877363843&top=https%3A%2F%2Fmobiliario.app%2F&rcb=11&frm=0&tiba=Mobiliario%20App%20%E2%80%94%20Propiedades%20en%20venta%20y%20alquiler%20en%20Bolivia&ae=a&hn=www.googleadservices.com&npa=0&pscdl=noapi&auid=545738914.1790801271&uaa=x86&uab=64&uafvl=Chromium%3B154.0.8037.58%7CGoogle%2520Chrome%3B154.0.8037.58%7CNot%2520A(Brand%3B99.0.0.0&uamb=0&uam=&uap=Windows&uapv=10.0.0&uaw=0&data=event%3Dform_start&gap.fsrc=1&ept=9&rfmt=3&fmt=4,200,OK,379,6998,Low,false,Comment
1284,Proxy,Wed Sep 30 16:52:34 BOT 2026,POST,https://mobiliario.app/api/search/events,204,No Content,579,0,,false,
1285,Proxy,Wed Sep 30 16:52:34 BOT 2026,GET,https://mobiliario.app/?transaction_type=rent&property_category=apartment&city=santa-cruz&_rsc=cMve3PpQrJhYcjbG,200,OK,925,84860,,false,
1287,Proxy,Wed Sep 30 16:52:35 BOT 2026,GET,https://www.facebook.com/tr/?id=1327925812629125&ev=PageView&dl=https%3A%2F%2Fmobiliario.app&rl=&if=false&ts=1790801555450&iw=false&sw=1360&sh=768&v=2.9.412&r=stable&ec=3&o=4124&aems=0%3B0&fbp=fb.1.1790801271289.779045132726878463&pm=1&hrl=dbd372&ler=empty&cdl=API_unavailable&plt=1786.6000000238419&ups%5Bpv%5D=%7B%7D&ups%5Brpv%5D=%7B%7D&it=1790801555435&coo=false&cs_cc=1&dlc=1&exp=s1&expv2%5B0%5D=pl0&expv2%5B1%5D=el3&expv2%5B2%5D=bc1&expv2%5B3%5D=ra0&expv2%5B4%5D=rp0&expv2%5B5%5D=ct2&expv2%5B6%5D=hf1&expv2%5B7%5D=sd1&expv2%5B8%5D=sp1&expv2%5B9%5D=ek1&expv2%5B10%5D=pc1&expv2%5B11%5D=gs1&expv2%5B12%5D=zs1&expv2%5B13%5D=cp1&expv2%5B14%5D=es1&expv2%5B15%5D=ac1&expv2%5B16%5D=so1&expv2%5B17%5D=wc1&expv2%5B18%5D=la1&expv2%5B19%5D=sf1&expv2%5B20%5D=da1&expv2%5B21%5D=io1&expv2%5B22%5D=ae1&expv2%5B23%5D=sx1&expv2%5B24%5D=if1&expv2%5B25%5D=fd1&expv2%5B26%5D=bg1&expv2%5B27%5D=mg1&expv2%5B28%5D=kl1&expv2%5B29%5D=sg1&expv2%5B30%5D=mk1&expv2%5B31%5D=sn1&expv2%5B32%5D=ec1&expv2%5B33%5D=mp1&expv2%5B34%5D=ps1&expv2%5B35%5D=fx1&expv2%5B36%5D=vt1&expv2%5B37%5D=dp1&expv2%5B38%5D=fw1&expv2%5B39%5D=cn1&expv2%5B40%5D=tz1&expv2%5B41%5D=pe1&expv2%5B42%5D=ee1&expv2%5B43%5D=bu1&expv2%5B44%5D=ta1&expv2%5B45%5D=mt1&expv2%5B46%5D=ot1&expv2%5B47%5D=hv1&expv2%5B48%5D=ep1&rqm=GET,200,OK,116,0,,false,SetCookie
1301,Proxy,Wed Sep 30 16:52:35 BOT 2026,POST,https://mobiliario.app/api/search/events,204,No Content,305,0,,false,
1306,Proxy,Wed Sep 30 16:52:36 BOT 2026,GET,https://cdn.mobiliario.app/maps/bolivia-20260716.pmtiles,206,Partial Content,326,37318,,false,
1307,Proxy,Wed Sep 30 16:52:36 BOT 2026,GET,https://cdn.mobiliario.app/maps/bolivia-20260716.pmtiles,206,Partial Content,320,44843,,false,
1308,Proxy,Wed Sep 30 16:52:36 BOT 2026,GET,https://cdn.mobiliario.app/maps/bolivia-20260716.pmtiles,206,Partial Content,322,41073,,false,
1309,Proxy,Wed Sep 30 16:52:36 BOT 2026,GET,https://cdn.mobiliario.app/maps/bolivia-20260716.pmtiles,206,Partial Content,329,30282,,false,
1310,Proxy,Wed Sep 30 16:52:36 BOT 2026,GET,https://cdn.mobiliario.app/maps/bolivia-20260716.pmtiles,206,Partial Content,338,52368,,false,
1311,Proxy,Wed Sep 30 16:52:36 BOT 2026,GET,https://cdn.mobiliario.app/maps/bolivia-20260716.pmtiles,206,Partial Content,341,74379,,false,
1312,Proxy,Wed Sep 30 16:52:36 BOT 2026,POST,https://mobiliario.app/api/listing-events,200,OK,371,36,,false,JSON
1313,Proxy,Wed Sep 30 16:52:36 BOT 2026,POST,https://mobiliario.app/api/listing-events,200,OK,371,36,,false,JSON
1315,Proxy,Wed Sep 30 16:52:36 BOT 2026,GET,https://cdn.mobiliario.app/maps/bolivia-20260716.pmtiles,206,Partial Content,339,5974,,false,
1316,Proxy,Wed Sep 30 16:52:36 BOT 2026,POST,https://mobiliario.app/api/listing-events,200,OK,369,36,,false,JSON
1317,Proxy,Wed Sep 30 16:52:36 BOT 2026,POST,https://mobiliario.app/api/listing-events,200,OK,335,36,,false,
1318,Proxy,Wed Sep 30 16:52:36 BOT 2026,GET,https://cdn.mobiliario.app/maps/bolivia-20260716.pmtiles,206,Partial Content,528,9549,,false,Comment
1335,Proxy,Wed Sep 30 16:52:37 BOT 2026,POST,https://mobiliario.app/api/search/events,204,No Content,285,0,,false,
1340,Proxy,Wed Sep 30 16:52:37 BOT 2026,GET,https://mobiliario.app/listings/3d1d35c1-fcab-4559-a757-fdabc945101f,200,OK,571,191555,Medium,false,"Script, MailTo, Comment"
1344,Proxy,Wed Sep 30 16:52:37 BOT 2026,GET,https://mobiliario.app/listings/3d1d35c1-fcab-4559-a757-fdabc945101f?_rsc=5CB68i4pnAekjehf,200,OK,353,338,,false,
1345,Proxy,Wed Sep 30 16:52:37 BOT 2026,GET,https://mobiliario.app/listings/1f31f99f-1800-431e-819a-a9f80bd7f004?_rsc=5CB68i4pnAekjehf,200,OK,303,338,,false,
1346,Proxy,Wed Sep 30 16:52:38 BOT 2026,GET,https://mobiliario.app/_next/static/chunks/0xj_7azl06mtk.css?dpl=dpl_5deoVL83kAtokHhbhKQfokyh43JH,200,OK,152,11604,,false,
1347,Proxy,Wed Sep 30 16:52:38 BOT 2026,GET,https://mobiliario.app/_next/static/chunks/0qogw-aldyl35.css?dpl=dpl_5deoVL83kAtokHhbhKQfokyh43JH,200,OK,178,162443,,false,
1349,Proxy,Wed Sep 30 16:52:38 BOT 2026,GET,https://mobiliario.app/_next/static/media/7178b3e590c64307-s.p.0nx0ww8fni_q3.woff2?dpl=dpl_5deoVL83kAtokHhbhKQfokyh43JH,200,OK,124,16540,,false,Comment
1351,Proxy,Wed Sep 30 16:52:38 BOT 2026,GET,https://mobiliario.app/_next/static/media/75affa71d1e2f6a7-s.p.0e5c5_wyqqx75.woff2?dpl=dpl_5deoVL83kAtokHhbhKQfokyh43JH,200,OK,118,34940,,false,Comment
1352,Proxy,Wed Sep 30 16:52:38 BOT 2026,GET,https://mobiliario.app/_next/static/media/9e9f04e3c37952ab-s.p.07uvnuj.ona6k.woff2?dpl=dpl_5deoVL83kAtokHhbhKQfokyh43JH,200,OK,115,12004,,false,
1353,Proxy,Wed Sep 30 16:52:38 BOT 2026,GET,https://mobiliario.app/_next/static/media/caa3a2e1cccd8315-s.p.09~u27dqhyhd6.woff2?dpl=dpl_5deoVL83kAtokHhbhKQfokyh43JH,200,OK,123,29288,,false,
1354,Proxy,Wed Sep 30 16:52:38 BOT 2026,GET,https://mobiliario.app/_next/static/media/651aaf1801011892-s.p.0_pfzm~5i7__8.woff2?dpl=dpl_5deoVL83kAtokHhbhKQfokyh43JH,200,OK,334,32672,,false,
1355,Proxy,Wed Sep 30 16:52:38 BOT 2026,GET,https://mobiliario.app/_next/static/media/daf789e4474d0d90-s.p.02gqgcrlsvm4~.woff2?dpl=dpl_5deoVL83kAtokHhbhKQfokyh43JH,200,OK,126,21296,,false,
1356,Proxy,Wed Sep 30 16:52:38 BOT 2026,GET,https://mobiliario.app/_next/static/media/5307092570128b5a-s.p.0dld-t76zw9ln.woff2?dpl=dpl_5deoVL83kAtokHhbhKQfokyh43JH,200,OK,446,105660,,false,
1357,Proxy,Wed Sep 30 16:52:38 BOT 2026,GET,https://mobiliario.app/_next/static/media/b67966e0b83b2cd0-s.p.04y9-s23ppywx.woff2?dpl=dpl_5deoVL83kAtokHhbhKQfokyh43JH,200,OK,182,120724,,false,Comment
1363,Proxy,Wed Sep 30 16:52:38 BOT 2026,GET,https://mobiliario.app/_next/static/chunks/0p9sz6y_ryf72.js?dpl=dpl_5deoVL83kAtokHhbhKQfokyh43JH,200,OK,116,6893,,false,
1364,Proxy,Wed Sep 30 16:52:38 BOT 2026,GET,https://mobiliario.app/_next/static/chunks/12~i2-h84i9u-.js?dpl=dpl_5deoVL83kAtokHhbhKQfokyh43JH,200,OK,113,28131,,false,
1365,Proxy,Wed Sep 30 16:52:38 BOT 2026,GET,https://mobiliario.app/_next/static/chunks/0uyoz4tpb1p88.js?dpl=dpl_5deoVL83kAtokHhbhKQfokyh43JH,200,OK,115,32362,,false,
1366,Proxy,Wed Sep 30 16:52:38 BOT 2026,GET,https://mobiliario.app/listings/40941034-560b-4e4b-83ce-e39f76365bc7?_rsc=5CB68i4pnAekjehf,200,OK,380,338,,false,
1367,Proxy,Wed Sep 30 16:52:38 BOT 2026,GET,https://mobiliario.app/_next/static/chunks/09bzlf-u0by67.js?dpl=dpl_5deoVL83kAtokHhbhKQfokyh43JH,200,OK,260,226800,,false,Script
1372,Proxy,Wed Sep 30 16:52:39 BOT 2026,GET,https://mobiliario.app/_next/static/chunks/0pscck3-_.5u8.js?dpl=dpl_5deoVL83kAtokHhbhKQfokyh43JH,200,OK,224,44357,,false,
1371,Proxy,Wed Sep 30 16:52:38 BOT 2026,GET,https://mobiliario.app/_next/static/chunks/0ppvb7h7t95cw.js?dpl=dpl_5deoVL83kAtokHhbhKQfokyh43JH,200,OK,180,110364,,false,
1370,Proxy,Wed Sep 30 16:52:39 BOT 2026,GET,https://mobiliario.app/listings/10cfed0f-defd-4004-a2ca-107c21046823?_rsc=5CB68i4pnAekjehf,200,OK,293,338,,false,
1369,Proxy,Wed Sep 30 16:52:39 BOT 2026,GET,https://mobiliario.app/_next/static/chunks/turbopack-0lkz~yqwzhdqv.js?dpl=dpl_5deoVL83kAtokHhbhKQfokyh43JH,200,OK,115,11421,,false,
1368,Proxy,Wed Sep 30 16:52:39 BOT 2026,GET,https://mobiliario.app/listings/ff5ad9f6-55b2-423a-89a1-3e39773d70bc?_rsc=5CB68i4pnAekjehf,200,OK,295,338,,false,
1374,Proxy,Wed Sep 30 16:52:39 BOT 2026,POST,https://update.googleapis.com/service/update2/json,200,OK,487,252,,false,JSON
1375,Proxy,Wed Sep 30 16:52:39 BOT 2026,GET,https://mobiliario.app/_next/static/chunks/0nprg_.s4luox.js?dpl=dpl_5deoVL83kAtokHhbhKQfokyh43JH,200,OK,119,3715,,false,
1376,Proxy,Wed Sep 30 16:52:39 BOT 2026,GET,https://mobiliario.app/_next/static/chunks/0icsw_sc0d6yx.js?dpl=dpl_5deoVL83kAtokHhbhKQfokyh43JH,200,OK,120,2720,,false,
1377,Proxy,Wed Sep 30 16:52:39 BOT 2026,GET,https://mobiliario.app/_next/static/chunks/0o2fkeykpb~_~.js?dpl=dpl_5deoVL83kAtokHhbhKQfokyh43JH,200,OK,163,55098,,false,
1378,Proxy,Wed Sep 30 16:52:39 BOT 2026,GET,https://mobiliario.app/_next/static/chunks/02q19z6c~p7gs.js?dpl=dpl_5deoVL83kAtokHhbhKQfokyh43JH,200,OK,133,40439,,false,
1379,Proxy,Wed Sep 30 16:52:39 BOT 2026,GET,https://mobiliario.app/_next/static/chunks/15iw~hne76~j5.js?dpl=dpl_5deoVL83kAtokHhbhKQfokyh43JH,200,OK,146,39610,,false,
1380,Proxy,Wed Sep 30 16:52:39 BOT 2026,GET,https://mobiliario.app/_next/static/chunks/0oo0zi12bu0ba.js?dpl=dpl_5deoVL83kAtokHhbhKQfokyh43JH,200,OK,160,90467,,false,
1381,Proxy,Wed Sep 30 16:52:39 BOT 2026,GET,https://mobiliario.app/_next/static/chunks/0giqu3b3gisx-.js?dpl=dpl_5deoVL83kAtokHhbhKQfokyh43JH,200,OK,376,39403,,false,
1382,Proxy,Wed Sep 30 16:52:39 BOT 2026,GET,https://mobiliario.app/_next/static/chunks/0e~g5lihwm.jm.js?dpl=dpl_5deoVL83kAtokHhbhKQfokyh43JH,200,OK,381,40062,,false,
1383,Proxy,Wed Sep 30 16:52:40 BOT 2026,GET,https://mobiliario.app/_next/static/chunks/0bgtry4viyrqp.js?dpl=dpl_5deoVL83kAtokHhbhKQfokyh43JH,200,OK,127,15523,,false,
1384,Proxy,Wed Sep 30 16:52:40 BOT 2026,GET,https://mobiliario.app/_next/static/chunks/16xm72vaqmhb2.js?dpl=dpl_5deoVL83kAtokHhbhKQfokyh43JH,200,OK,158,254903,,false,
1385,Proxy,Wed Sep 30 16:52:40 BOT 2026,GET,https://mobiliario.app/_next/static/chunks/05.r09n6kw8ph.js?dpl=dpl_5deoVL83kAtokHhbhKQfokyh43JH,200,OK,114,106581,,false,
1386,Proxy,Wed Sep 30 16:52:39 BOT 2026,GET,https://mobiliario.app/_next/static/chunks/036ps75v.-3v~.js?dpl=dpl_5deoVL83kAtokHhbhKQfokyh43JH,200,OK,524,489809,,false,
1397,Proxy,Wed Sep 30 16:52:41 BOT 2026,GET,https://mobiliario.app/_next/static/chunks/10z9fd-mraibm.css?dpl=dpl_5deoVL83kAtokHhbhKQfokyh43JH,200,OK,159,69807,,false,
1399,Proxy,Wed Sep 30 16:52:41 BOT 2026,GET,https://mobiliario.app/_next/static/chunks/0ju3977qvk41k.js?dpl=dpl_5deoVL83kAtokHhbhKQfokyh43JH,200,OK,128,1178,,false,
1400,Proxy,Wed Sep 30 16:52:41 BOT 2026,POST,https://mobiliario.app/api/listing-events,200,OK,511,36,,false,JSON
1401,Proxy,Wed Sep 30 16:52:41 BOT 2026,GET,https://mobiliario.app/api/product-analytics/identity,200,OK,299,79,,false,
1402,Proxy,Wed Sep 30 16:52:41 BOT 2026,GET,https://connect.facebook.net/en_US/fbevents.js,200,OK,312,428062,,false,Comment
1408,Proxy,Wed Sep 30 16:52:41 BOT 2026,GET,https://mobiliario.app/api/product-analytics/identity,200,OK,294,79,,false,JSON
1409,Proxy,Wed Sep 30 16:52:41 BOT 2026,GET,https://mobiliario.app/eaf6e9b19037495e/script.js,200,OK,377,4469,,false,
1410,Proxy,Wed Sep 30 16:52:41 BOT 2026,GET,https://mobiliario.app/043af6b2d27c525c/script.js,200,OK,404,12567,,false,
1411,Proxy,Wed Sep 30 16:52:42 BOT 2026,GET,https://connect.facebook.net/signals/config/1327925812629125?v=2.9.412&r=stable&domain=mobiliario.app&hme=a4c28c8787325ac3f8f9eac68364f47df2a8c4266e43177443e5d7f6289c9774&ex_m=117%2C240%2C170%2C27%2C81%2C82%2C161%2C77%2C76%2C11%2C180%2C101%2C20%2C152%2C140%2C46%2C84%2C89%2C148%2C175%2C182%2C8%2C4%2C5%2C7%2C6%2C3%2C102%2C114%2C32%2C17%2C31%2C18%2C33%2C34%2C35%2C37%2C55%2C162%2C86%2C125%2C22%2C24%2C51%2C47%2C49%2C48%2C94%2C103%2C107%2C123%2C159%2C163%2C53%2C124%2C29%2C26%2C132%2C78%2C43%2C165%2C164%2C166%2C156%2C154%2C30%2C42%2C66%2C122%2C177%2C79%2C21%2C127%2C92%2C75%2C23%2C96%2C97%2C129%2C95%2C150%2C149%2C153%2C108%2C176%2C179%2C41%2C56%2C126%2C54%2C160%2C184%2C109%2C183%2C209%2C254%2C83%2C273%2C272%2C271%2C14%2C25%2C28%2C40%2C62%2C116%2C68%2C10%2C72%2C110%2C111%2C112%2C118%2C143%2C38%2C36%2C145%2C146%2C147%2C142%2C141%2C171%2C85%2C174%2C172%2C173%2C57%2C67%2C136%2C19%2C178%2C52%2C322%2C323%2C324%2C321%2C337%2C359%2C247%2C236%2C69%2C237%2C235%2C362%2C353%2C59%2C248%2C120%2C144%2C91%2C134%2C61%2C133%2C139%2C138%2C65%2C73%2C71%2C167%2C87%2C88%2C128%2C44%2C39%2C60%2C63%2C113%2C181%2C1%2C137%2C16%2C135%2C12%2C2%2C64%2C104%2C15%2C74%2C70%2C131%2C100%2C99%2C186%2C187%2C105%2C106%2C9%2C115%2C185%2C58%2C157%2C98%2C90%2C80%2C130%2C119%2C168%2C50%2C158%2C0%2C93%2C151%2C155%2C169%2C45%2C121%2C13%2C188,200,OK,50,131387,,false,
1412,Proxy,Wed Sep 30 16:52:42 BOT 2026,GET,https://mobiliario.app/_next/static/chunks/172vodb3a57wf.js?dpl=dpl_5deoVL83kAtokHhbhKQfokyh43JH,200,OK,129,2548,,false,
1413,Proxy,Wed Sep 30 16:52:42 BOT 2026,GET,https://www.facebook.com/tr/?id=1327925812629125&ev=PageView&dl=https%3A%2F%2Fmobiliario.app&rl=&if=false&ts=1790801562174&iw=false&sw=1360&sh=768&v=2.9.412&r=stable&ec=0&o=4124&aems=0%3B0&fbp=fb.1.1790801271289.779045132726878463&pm=1&hrl=76057c&ler=empty&cdl=API_unavailable&plt=890.7999999523163&ups%5Bpv%5D=%7B%7D&ups%5Brpv%5D=%7B%7D&it=1790801561835&coo=false&cs_cc=1&dlc=1&expv2%5B0%5D=pl1&expv2%5B1%5D=el3&expv2%5B2%5D=bc1&expv2%5B3%5D=ra0&expv2%5B4%5D=rp0&expv2%5B5%5D=ct2&expv2%5B6%5D=hf1&expv2%5B7%5D=sd1&expv2%5B8%5D=sp1&expv2%5B9%5D=ek1&expv2%5B10%5D=pc1&expv2%5B11%5D=gs1&expv2%5B12%5D=zs1&expv2%5B13%5D=cp1&expv2%5B14%5D=es1&expv2%5B15%5D=ac1&expv2%5B16%5D=so1&expv2%5B17%5D=wc1&expv2%5B18%5D=la1&expv2%5B19%5D=sf1&expv2%5B20%5D=da1&expv2%5B21%5D=io1&expv2%5B22%5D=ae1&expv2%5B23%5D=sx1&expv2%5B24%5D=if1&expv2%5B25%5D=fd1&expv2%5B26%5D=bg1&expv2%5B27%5D=mg1&expv2%5B28%5D=kl1&expv2%5B29%5D=sg1&expv2%5B30%5D=mk1&expv2%5B31%5D=sn1&expv2%5B32%5D=ec1&expv2%5B33%5D=mp1&expv2%5B34%5D=ps1&expv2%5B35%5D=fx1&expv2%5B36%5D=vt1&expv2%5B37%5D=dp1&expv2%5B38%5D=fw1&expv2%5B39%5D=cn1&expv2%5B40%5D=tz1&expv2%5B41%5D=pe1&expv2%5B42%5D=ee1&expv2%5B43%5D=bu1&expv2%5B44%5D=ta1&expv2%5B45%5D=ot1&expv2%5B46%5D=hv1&expv2%5B47%5D=ep1&rqm=GET,200,OK,36,0,,false,
1414,Proxy,Wed Sep 30 16:52:42 BOT 2026,GET,https://www.facebook.com/tr/?id=1327925812629125&ev=ViewContent&dl=https%3A%2F%2Fmobiliario.app&rl=&if=false&ts=1790801562180&iw=false&cd%5Bcontent_ids%5D=%5B%223d1d35c1-fcab-4559-a757-fdabc945101f%22%5D&cd%5Bcontent_type%5D=product&sw=1360&sh=768&v=2.9.412&r=stable&ec=1&o=4124&aems=0%3B0&fbp=fb.1.1790801271289.779045132726878463&pm=1&hrl=467525&ler=empty&cdl=API_unavailable&plt=890.7999999523163&ups%5Bpv%5D=%7B%7D&ups%5Brpv%5D=%7B%7D&it=1790801561835&coo=false&eid=fc35fc6d-eaf8-4190-a499-734cbbba8eaf&cs_cc=1&dlc=1&expv2%5B0%5D=pl1&expv2%5B1%5D=el2&expv2%5B2%5D=bc1&expv2%5B3%5D=ra0&expv2%5B4%5D=rp0&expv2%5B5%5D=ct2&expv2%5B6%5D=hf1&expv2%5B7%5D=sd1&expv2%5B8%5D=sp1&expv2%5B9%5D=ek1&expv2%5B10%5D=pc1&expv2%5B11%5D=gs1&expv2%5B12%5D=zs1&expv2%5B13%5D=cp1&expv2%5B14%5D=es1&expv2%5B15%5D=ac1&expv2%5B16%5D=so1&expv2%5B17%5D=wc1&expv2%5B18%5D=la1&expv2%5B19%5D=sf1&expv2%5B20%5D=da1&expv2%5B21%5D=io1&expv2%5B22%5D=ae1&expv2%5B23%5D=sx1&expv2%5B24%5D=if1&expv2%5B25%5D=fd1&expv2%5B26%5D=bg1&expv2%5B27%5D=mg1&expv2%5B28%5D=kl1&expv2%5B29%5D=sg1&expv2%5B30%5D=mk1&expv2%5B31%5D=sn1&expv2%5B32%5D=ec1&expv2%5B33%5D=mp1&expv2%5B34%5D=ps1&expv2%5B35%5D=fx1&expv2%5B36%5D=vt1&expv2%5B37%5D=dp1&expv2%5B38%5D=fw1&expv2%5B39%5D=cn1&expv2%5B40%5D=tz1&expv2%5B41%5D=pe1&expv2%5B42%5D=ee1&expv2%5B43%5D=bu1&expv2%5B44%5D=ta1&expv2%5B45%5D=ot1&expv2%5B46%5D=hv1&expv2%5B47%5D=ep1&rqm=GET,200,OK,98,0,,false,SetCookie
1416,Proxy,Wed Sep 30 16:52:41 BOT 2026,GET,https://www.googletagmanager.com/gtag/js?id=AW-18251526340,200,OK,740,486073,,false,"Hidden, Comment"
1417,Proxy,Wed Sep 30 16:52:42 BOT 2026,GET,https://mobiliario.app/welcome?_rsc=j9C3NisbrmK3Xg6F,200,OK,311,238,,false,
1418,Proxy,Wed Sep 30 16:52:42 BOT 2026,GET,https://mobiliario.app/_next/static/chunks/08bojd~u.tk2l.js?dpl=dpl_5deoVL83kAtokHhbhKQfokyh43JH,200,OK,434,79405,,false,
1419,Proxy,Wed Sep 30 16:52:42 BOT 2026,GET,https://mobiliario.app/_next/static/chunks/0ls66z9hfjk5d.js?dpl=dpl_5deoVL83kAtokHhbhKQfokyh43JH,200,OK,441,1032462,,false,Comment
1420,Proxy,Wed Sep 30 16:52:42 BOT 2026,GET,https://mobiliario.app/sign-in?next=%2Flistings%2F3d1d35c1-fcab-4559-a757-fdabc945101f&_rsc=j9C3NisbrmK3Xg6F,200,OK,537,238,,false,
1421,Proxy,Wed Sep 30 16:52:42 BOT 2026,GET,https://mobiliario.app/sign-in?next=%2Flistings%2F3d1d35c1-fcab-4559-a757-fdabc945101f%3Fcontact%3Dwhatsapp&_rsc=j9C3NisbrmK3Xg6F,200,OK,545,259,,false,
1422,Proxy,Wed Sep 30 16:52:42 BOT 2026,POST,https://www.google.com/rmkt/collect/18251526340/?random=1790801562571&cv=11&fst=1790801562571&fmt=8&bg=ffffff&guid=ON&async=1&en=gtag.config&gtm=45be69t0v9255936575za200zd9255936575xecxf1&gcd=13l3l3l3l1l1&dma=0&tag_exp=115616986~115938466~115938468~118897920~118897930~120213116~120385423~120469145~120469153~121280970&u_w=1360&u_h=768&url=https%3A%2F%2Fmobiliario.app%2Flistings%2F3d1d35c1-fcab-4559-a757-fdabc945101f&rcb=18&frm=0&tiba=ALQUILER.%20Monoambiente.%20Amoblado%20y%20equipado%20en%20Equipetrol%20%E2%80%94%20Bs%203.000%20%7C%20Mobiliario&hn=www.googleadservices.com&npa=0&pscdl=noapi&auid=545738914.1790801271&uaa=x86&uab=64&uafvl=Chromium%3B154.0.8037.58%7CGoogle%2520Chrome%3B154.0.8037.58%7CNot%2520A(Brand%3B99.0.0.0&uamb=0&uam=&uap=Windows&uapv=10.0.0&uaw=0&data=event%3Dgtag.config&ept=68&gcp=5,200,OK,79,0,,false,
1423,Proxy,Wed Sep 30 16:52:42 BOT 2026,POST,https://www.google.com/ccm/collect?rcb=18&frm=0&apvc=1&auid=545738914.1790801271&dt=ALQUILER.%20Monoambiente.%20Amoblado%20y%20equipado%20en%20Equipetrol%20%E2%80%94%20Bs%203.000%20%7C%20Mobiliario&tid=AW-18251526340&en=page_view&dl=https%3A%2F%2Fmobiliario.app%2Flistings%2F3d1d35c1-fcab-4559-a757-fdabc945101f&scrsrc=www.googletagmanager.com&rnd=505291885.1790801563&navt=n&npa=0&gtm=45be69t0v9255936575za200zd9255936575xecxf1&gcd=13l3l3l3l1l1&dma=0&tag_exp=115616986~115938466~115938468~118897920~118897930~120213116~120385423~120469145~120469153~121280970&tft=1790801562601&tfd=5110&tids=AW-18251526340&fmt=8,200,OK,63,0,,false,
1424,Proxy,Wed Sep 30 16:52:42 BOT 2026,POST,https://ad.doubleclick.net/ccm/s/collect?auid=545738914.1790801271&gtm=45be69t0v9255936575za200zd9255936575xecxf1&fmt=8,204,No Content,117,0,,false,
1425,Proxy,Wed Sep 30 16:52:42 BOT 2026,GET,https://mobiliario.app/ingest/static/1.417.1/posthog-recorder.js,200,OK,184,187064,,false,Comment
1426,Proxy,Wed Sep 30 16:52:42 BOT 2026,GET,https://mobiliario.app/landing?_rsc=j9C3NisbrmK3Xg6F,200,OK,311,238,,false,
1427,Proxy,Wed Sep 30 16:52:42 BOT 2026,GET,https://mobiliario.app/privacy/preferencias?_rsc=j9C3NisbrmK3Xg6F,200,OK,303,212,,false,
1428,Proxy,Wed Sep 30 16:52:42 BOT 2026,GET,https://mobiliario.app/ingest/array/phc_zT28iR4dvnXgMsW5Yy7SpbLALoTTmu5ALGMuYHsxS9pM/config.js,200,OK,406,1194,,false,
1429,Proxy,Wed Sep 30 16:52:42 BOT 2026,GET,https://googleads.g.doubleclick.net/pagead/viewthroughconversion/18251526340/?random=1790801562571&cv=11&fst=1790801562571&bg=ffffff&guid=ON&async=1&en=gtag.config&gtm=45be69t0v9255936575za200zd9255936575xecxf1&gcd=13l3l3l3l1l1&dma=0&tag_exp=115616986~115938466~115938468~118897920~118897930~120213116~120385423~120469145~120469153~121280970&u_w=1360&u_h=768&url=https%3A%2F%2Fmobiliario.app%2Flistings%2F3d1d35c1-fcab-4559-a757-fdabc945101f&rcb=18&frm=0&tiba=ALQUILER.%20Monoambiente.%20Amoblado%20y%20equipado%20en%20Equipetrol%20%E2%80%94%20Bs%203.000%20%7C%20Mobiliario&hn=www.googleadservices.com&npa=0&pscdl=noapi&auid=545738914.1790801271&uaa=x86&uab=64&uafvl=Chromium%3B154.0.8037.58%7CGoogle%2520Chrome%3B154.0.8037.58%7CNot%2520A(Brand%3B99.0.0.0&uamb=0&uam=&uap=Windows&uapv=10.0.0&uaw=0&data=event%3Dgtag.config&ept=9&rfmt=3&fmt=4,200,OK,376,6734,,false,
1430,Proxy,Wed Sep 30 16:52:42 BOT 2026,GET,https://cdn.mobiliario.app/maps/bolivia-20260716.pmtiles,206,Partial Content,347,16384,,false,
1433,Proxy,Wed Sep 30 16:52:42 BOT 2026,GET,https://mobiliario.app/privacy?_rsc=j9C3NisbrmK3Xg6F,200,OK,539,182,,false,
1435,Proxy,Wed Sep 30 16:52:42 BOT 2026,GET,https://mobiliario.app/sign-in?next=%2Flistings%2F3d1d35c1-fcab-4559-a757-fdabc945101f&_rsc=6Qdqbp7FERZn2q7C,200,OK,580,2880,,false,
1436,Proxy,Wed Sep 30 16:52:42 BOT 2026,GET,https://mobiliario.app/terms?_rsc=j9C3NisbrmK3Xg6F,200,OK,564,180,,false,
1437,Proxy,Wed Sep 30 16:52:42 BOT 2026,GET,https://mobiliario.app/descargar?_rsc=j9C3NisbrmK3Xg6F,200,OK,545,240,,false,
1438,Proxy,Wed Sep 30 16:52:43 BOT 2026,GET,https://cdn.mobiliario.app/maps/bolivia-20260716.pmtiles,206,Partial Content,288,16384,,false,
1439,Proxy,Wed Sep 30 16:52:43 BOT 2026,GET,https://cdn.mobiliario.app/maps/assets/sprites/v4/light.json,200,OK,358,3549,,false,JSON
1440,Proxy,Wed Sep 30 16:52:43 BOT 2026,GET,https://cdn.mobiliario.app/maps/bolivia-20260716.pmtiles,206,Partial Content,276,7604,,false,
1441,Proxy,Wed Sep 30 16:52:43 BOT 2026,GET,https://mobiliario.app/listings?transaction_type=rent&property_category=apartment&city=santa-cruz&view=map&north=-17.7499&south=-17.7769&east=-63.1849&west=-63.2132&_rsc=j9C3NisbrmK3Xg6F,308,Permanent Redirect,428,15,,false,
1442,Proxy,Wed Sep 30 16:52:43 BOT 2026,GET,https://mobiliario.app/ayuda?_rsc=j9C3NisbrmK3Xg6F,200,OK,565,180,,false,
1443,Proxy,Wed Sep 30 16:52:43 BOT 2026,GET,https://mobiliario.app/?_rsc=j9C3NisbrmK3Xg6F,200,OK,545,157,,false,
1444,Proxy,Wed Sep 30 16:52:43 BOT 2026,GET,https://cdn.mobiliario.app/maps/bolivia-20260716.pmtiles,206,Partial Content,289,5637,,false,
1445,Proxy,Wed Sep 30 16:52:43 BOT 2026,GET,https://cdn.mobiliario.app/maps/bolivia-20260716.pmtiles,206,Partial Content,322,26148,,false,
1446,Proxy,Wed Sep 30 16:52:43 BOT 2026,GET,https://cdn.mobiliario.app/maps/bolivia-20260716.pmtiles,206,Partial Content,336,15319,,false,
1447,Proxy,Wed Sep 30 16:52:43 BOT 2026,GET,https://cdn.mobiliario.app/maps/bolivia-20260716.pmtiles,206,Partial Content,335,3701,,false,
1448,Proxy,Wed Sep 30 16:52:43 BOT 2026,GET,https://cdn.mobiliario.app/maps/bolivia-20260716.pmtiles,206,Partial Content,352,18886,,false,
1449,Proxy,Wed Sep 30 16:52:43 BOT 2026,GET,https://cdn.mobiliario.app/maps/bolivia-20260716.pmtiles,206,Partial Content,364,15346,,false,
1450,Proxy,Wed Sep 30 16:52:43 BOT 2026,GET,https://mobiliario.app/?transaction_type=rent&property_category=apartment&city=santa-cruz&view=map&north=-17.7499&south=-17.7769&east=-63.1849&west=-63.2132,200,OK,566,290,,false,
1451,Proxy,Wed Sep 30 16:52:44 BOT 2026,GET,https://cdn.mobiliario.app/maps/assets/fonts/Noto%20Sans%20Italic/0-255.pbf,200,OK,334,79344,,false,
1452,Proxy,Wed Sep 30 16:52:44 BOT 2026,GET,https://cdn.mobiliario.app/maps/assets/fonts/Noto%20Sans%20Regular/0-255.pbf,200,OK,349,76044,,false,
1453,Proxy,Wed Sep 30 16:52:44 BOT 2026,GET,https://mobiliario.app/privacy/preferencias?_rsc=6Qdqbp7FERZn2q7C,200,OK,561,2957,,false,
1454,Proxy,Wed Sep 30 16:52:44 BOT 2026,GET,https://mobiliario.app/sign-in?next=%2Flistings%2F3d1d35c1-fcab-4559-a757-fdabc945101f%3Fcontact%3Dwhatsapp&_rsc=6Qdqbp7FERZn2q7C,200,OK,576,2918,,false,
1455,Proxy,Wed Sep 30 16:52:43 BOT 2026,GET,https://mobiliario.app/alquiler/departamentos/santa-cruz/sirari?_rsc=j9C3NisbrmK3Xg6F,200,OK,1429,405,,false,
1456,Proxy,Wed Sep 30 16:52:44 BOT 2026,GET,https://cdn.mobiliario.app/maps/assets/fonts/Noto%20Sans%20Medium/0-255.pbf,200,OK,374,77628,,false,
1457,Proxy,Wed Sep 30 16:52:44 BOT 2026,GET,https://mobiliario.app/privacy?_rsc=6Qdqbp7FERZn2q7C,200,OK,569,2887,,false,
1458,Proxy,Wed Sep 30 16:52:45 BOT 2026,GET,https://mobiliario.app/ayuda?_rsc=6Qdqbp7FERZn2q7C,200,OK,563,2590,,false,
1459,Proxy,Wed Sep 30 16:52:45 BOT 2026,GET,https://mobiliario.app/descargar?_rsc=Bq_9A36P4r3G2rnD,200,OK,671,5245,,false,
1460,Proxy,Wed Sep 30 16:52:45 BOT 2026,GET,https://mobiliario.app/terms?_rsc=6Qdqbp7FERZn2q7C,200,OK,732,2846,,false,
1461,Proxy,Wed Sep 30 16:52:45 BOT 2026,GET,https://mobiliario.app/landing?_rsc=9p8yJu05jVqzLbV7,200,OK,531,5005,,false,
1462,Proxy,Wed Sep 30 16:52:46 BOT 2026,GET,https://mobiliario.app/?_rsc=6Qdqbp7FERZn2q7C,200,OK,651,2807,,false,
1463,Proxy,Wed Sep 30 16:52:46 BOT 2026,GET,https://mobiliario.app/welcome?_rsc=evBLCR2rieDIQDHW,200,OK,863,4876,,false,
1464,Proxy,Wed Sep 30 16:52:46 BOT 2026,GET,https://mobiliario.app/sign-in?_rsc=j9C3NisbrmK3Xg6F,200,OK,511,182,,false,
1465,Proxy,Wed Sep 30 16:52:46 BOT 2026,GET,https://mobiliario.app/listings?_rsc=j9C3NisbrmK3Xg6F,308,Permanent Redirect,419,15,,false,
1466,Proxy,Wed Sep 30 16:52:45 BOT 2026,GET,https://mobiliario.app/?transaction_type=rent&property_category=apartment&city=santa-cruz&view=map&north=-17.7499&south=-17.7769&east=-63.1849&west=-63.2132&_rsc=6Qdqbp7FERZn2q7C,200,OK,1824,3139,,false,
1467,Proxy,Wed Sep 30 16:52:47 BOT 2026,GET,https://mobiliario.app/,200,OK,620,157,,false,
1468,Proxy,Wed Sep 30 16:52:45 BOT 2026,GET,https://mobiliario.app/alquiler/departamentos/santa-cruz/sirari?_rsc=iMdSYbJJd5rskQgl,200,OK,2940,4873,,false,
1469,Proxy,Wed Sep 30 16:52:58 BOT 2026,GET,https://mobiliario.app/listings/3d1d35c1-fcab-4559-a757-fdabc945101f?_rsc=tXyZJ52UQVBCVsD3,200,OK,631,3175,,false,
1470,Proxy,Wed Sep 30 16:53:00 BOT 2026,GET,https://mobiliario.app/listings/e07f27a9-1119-416b-9529-308c09f0a5df?_rsc=5CB68i4pnAekjehf,200,OK,552,338,,false,
1471,Proxy,Wed Sep 30 16:53:00 BOT 2026,GET,https://mobiliario.app/listings/10cfed0f-defd-4004-a2ca-107c21046823?_rsc=tXyZJ52UQVBCVsD3,200,OK,556,3133,,false,
1472,Proxy,Wed Sep 30 16:53:00 BOT 2026,GET,https://mobiliario.app/listings/40941034-560b-4e4b-83ce-e39f76365bc7?_rsc=tXyZJ52UQVBCVsD3,200,OK,580,3196,,false,
1473,Proxy,Wed Sep 30 16:53:00 BOT 2026,GET,https://mobiliario.app/listings/ff5ad9f6-55b2-423a-89a1-3e39773d70bc?_rsc=tXyZJ52UQVBCVsD3,200,OK,593,3127,,false,
1474,Proxy,Wed Sep 30 16:53:01 BOT 2026,GET,https://mobiliario.app/listings/e07f27a9-1119-416b-9529-308c09f0a5df?_rsc=tXyZJ52UQVBCVsD3,200,OK,538,3181,,false,
1475,Proxy,Wed Sep 30 16:53:01 BOT 2026,GET,https://mobiliario.app/listings/1f31f99f-1800-431e-819a-a9f80bd7f004?_rsc=tXyZJ52UQVBCVsD3,200,OK,561,3073,,false,
1476,Proxy,Wed Sep 30 16:53:03 BOT 2026,POST,https://update.googleapis.com/service/update2/json,200,OK,433,252,,false,JSON
